Etichette di riga;Conteggio di country
Anonymous Proxy;4
Argentina;10
Australia;49
Austria;84
Belarus;1
Belgium;30
Bolivia;1
Bosnia and Herzegovina;1
Brazil;29
Bulgaria;34
Canada;206
Chile;1
Colombia;2
Croatia;9
Czech Republic;120
Denmark;51
Ecuador;1
Egypt;5
Estonia;5
Finland;90
France;581
Germany;1340
Greece;33
Guernsey;1
Hong Kong;28
Hungary;33
Iceland;33
India;14
Indonesia;4
Ireland;24
Isle of Man;1
Israel;17
Italy;52
Japan;98
Jersey;1
Kazakhstan;2
Kenya;2
Korea, Republic of;13
Kuwait;1
Latvia;26
Liberia;1
Liechtenstein;2
Lithuania;22
Luxembourg;37
Malaysia;4
Martinique;1
Mexico;9
Moldova, Republic of;17
Morocco;1
Netherlands;433
New Zealand;20
Norway;51
Pakistan;1
Panama;5
Philippines;2
Poland;51
Portugal;9
Qatar;1
Reunion;1
Romania;72
Russian Federation;314
Serbia;5
Singapore;62
Slovakia;19
Slovenia;11
South Africa;7
Spain;42
Sweden;221
Switzerland;135
Taiwan;8
Thailand;5
Tunisia;1
Turkey;15
Ukraine;76
United Kingdom;337
United States;1685
Uruguay;1
Venezuela;1
Vietnam;11
Zimbabwe;1
Totale complessivo;6734
