Source;Target
D_1;Z_Security
D_1;Z_Technology
D_10;Z_Anonymity
D_11;Z_From the Deep Web
D_11;Z_Technology
D_12;Z_Anonymity
D_12;Z_Freedom
D_12;Z_Technology
D_13;Z_From the Deep Web
D_14;Z_Anonymity
D_14;Z_Legal
D_15;Z_Technology
D_16;Z_Anonymity
D_16;Z_Security
D_16;Z_Technology
D_17;Z_Freedom
D_17;Z_Technology
D_18;Z_Anonymity
D_18;Z_Security
D_18;Z_Technology
D_19;Z_Anonymity
D_19;Z_Freedom
D_19;Z_Security
D_2;Z_Anonymity
D_2;Z_Security
D_2;Z_Technology
D_20;Z_Technology
D_21;Z_Freedom
D_21;Z_Technology
D_22;Z_Anonymity
D_22;Z_Technology
D_23;Z_Technology
D_24;Z_Technology
D_25;Z_Technology
D_26;Z_Technology
D_27;Z_Technology
D_28;Z_Anonymity
D_28;Z_Crime
D_28;Z_Freedom
D_29;Z_Anonymity
D_3;Z_Technology
D_30;Z_Technology
D_31;Z_Anonymity
D_31;Z_Censorship
D_31;Z_Freedom
D_32;Z_Anonymity
D_32;Z_Censorship
D_32;Z_Legal
D_33;Z_Freedom
D_33;Z_Security
D_34;Z_Legal
D_35;Z_From the Deep Web
D_36;Z_From the Deep Web
D_37;Z_Technology
D_38;Z_From the Deep Web
D_39;Z_From the Deep Web
D_4;Z_Freedom
D_4;Z_Legal
D_4;Z_Security
D_4;Z_Technology
D_40;Z_Technology
D_41;Z_From the Deep Web
D_42;Z_Freedom
D_42;Z_Legal
D_42;Z_Security
D_43;Z_From the Deep Web
D_44;Z_Technology
D_45;Z_Technology
D_46;Z_Technology
D_47;Z_Technology
D_48;Z_From the Deep Web
D_49;Z_Technology
D_5;Z_Technology
D_50;Z_Anonymity
D_50;Z_Security
D_6;Z_Censorship
D_6;Z_Crime
D_6;Z_Freedom
D_7;Z_Technology
D_8;Z_Anonymity
D_8;Z_Security
D_8;Z_Technology
D_9;Z_From the Deep Web
T_1;Z_Technology
T_10;Z_Technology
T_100;Z_Technology
T_101;Z_Technology
T_102;Z_Technology
T_103;Z_Technology
T_104;Z_Anonymity
T_104;Z_Technology
T_105;Z_Freedom
T_105;Z_Technology
T_106;Z_Anonymity
T_106;Z_Technology
T_107;Z_Technology
T_108;Z_Anonymity
T_108;Z_Technology
T_109;Z_Technology
T_11;Z_Technology
T_110;Z_Technology
T_111;Z_Security
T_112;Z_Technology
T_113;Z_Anonymity
T_113;Z_Technology
T_114;Z_Technology
T_115;Z_Technology
T_116;Z_Technology
T_117;Z_Technology
T_118;Z_Technology
T_119;Z_Technology
T_12;Z_Anonymity
T_12;Z_Technology
T_120;Z_Legal
T_120;Z_Technology
T_121;Z_Technology
T_122;Z_Anonymity
T_122;Z_Technology
T_123;Z_Technology
T_124;Z_Anonymity
T_124;Z_Technology
T_125;Z_Anonymity
T_125;Z_Technology
T_126;Z_Technology
T_127;Z_Technology
T_128;Z_Anonymity
T_129;Z_Technology
T_13;Z_Technology
T_130;Z_Legal
T_131;Z_Anonymity
T_131;Z_Freedom
T_131;Z_Technology
T_132;Z_Anonymity
T_132;Z_Technology
T_133;Z_Technology
T_134;Z_Anonymity
T_134;Z_Freedom
T_134;Z_Security
T_134;Z_Technology
T_135;Z_Technology
T_136;Z_Technology
T_137;Z_Technology
T_138;Z_Anonymity
T_138;Z_Security
T_138;Z_Technology
T_139;Z_Technology
T_14;Z_Technology
T_140;Z_Anonymity
T_140;Z_Technology
T_141;Z_Anonymity
T_141;Z_Technology
T_142;Z_Security
T_143;Z_Technology
T_144;Z_Technology
T_145;Z_Anonymity
T_145;Z_Freedom
T_145;Z_Security
T_146;Z_Security
T_147;Z_Freedom
T_147;Z_Security
T_148;Z_Technology
T_15;Z_Technology
T_16;Z_Technology
T_17;Z_Technology
T_18;Z_Anonymity
T_18;Z_Security
T_18;Z_Technology
T_19;Z_Technology
T_2;Z_Technology
T_20;Z_Technology
T_21;Z_Technology
T_22;Z_Technology
T_23;Z_Technology
T_24;Z_Anonymity
T_24;Z_Technology
T_25;Z_Anonymity
T_25;Z_Technology
T_26;Z_Anonymity
T_26;Z_Technology
T_27;Z_Anonymity
T_27;Z_Security
T_28;Z_Technology
T_29;Z_Anonymity
T_29;Z_Security
T_3;Z_Technology
T_30;Z_Technology
T_31;Z_Technology
T_32;Z_Technology
T_33;Z_Technology
T_34;Z_Anonymity
T_34;Z_Censorship
T_34;Z_Freedom
T_34;Z_Technology
T_35;Z_Technology
T_36;Z_Anonymity
T_36;Z_Technology
T_37;Z_Anonymity
T_37;Z_Technology
T_38;Z_Technology
T_39;Z_Technology
T_4;Z_Technology
T_40;Z_Anonymity
T_40;Z_Technology
T_41;Z_Anonymity
T_41;Z_Freedom
T_41;Z_Technology
T_42;Z_Technology
T_43;Z_Technology
T_44;Z_Technology
T_45;Z_Anonymity
T_45;Z_Technology
T_46;Z_Technology
T_47;Z_Technology
T_48;Z_Technology
T_49;Z_Technology
T_5;Z_Technology
T_50;Z_Technology
T_51;Z_Technology
T_52;Z_Legal
T_53;Z_Technology
T_54;Z_Technology
T_55;Z_Anonymity
T_55;Z_Technology
T_56;Z_Anonymity
T_56;Z_Freedom
T_56;Z_Technology
T_57;Z_Anonymity
T_58;Z_Technology
T_59;Z_Security
T_6;Z_Technology
T_60;Z_Anonymity
T_61;Z_Technology
T_62;Z_Technology
T_63;Z_Technology
T_64;Z_Anonymity
T_64;Z_Technology
T_65;Z_Anonymity
T_65;Z_Technology
T_66;Z_Technology
T_67;Z_Anonymity
T_68;Z_Technology
T_69;Z_Technology
T_7;Z_Technology
T_70;Z_Technology
T_71;Z_Technology
T_72;Z_Anonymity
T_72;Z_Technology
T_73;Z_Anonymity
T_73;Z_Technology
T_74;Z_Technology
T_75;Z_Technology
T_76;Z_Anonymity
T_76;Z_Technology
T_77;Z_Technology
T_78;Z_Technology
T_79;Z_Technology
T_8;Z_Technology
T_80;Z_Technology
T_81;Z_Technology
T_82;Z_Technology
T_83;Z_Technology
T_84;Z_Technology
T_85;Z_Technology
T_86;Z_Technology
T_87;Z_Technology
T_88;Z_Technology
T_89;Z_Anonymity
T_9;Z_Technology
T_90;Z_Technology
T_91;Z_Technology
T_92;Z_Anonymity
T_93;Z_Anonymity
T_93;Z_Technology
T_94;Z_Legal
T_95;Z_Technology
T_96;Z_Technology
T_97;Z_Anonymity
T_98;Z_Technology
T_99;Z_Anonymity
T_99;Z_Freedom
T_99;Z_Security
