Id;Label;Fruition;Alignment;Typology;Youtube_Category;Query
D_1;;7539833;Pro;Talk;Science And Technology;Deep Web
D_10;;404399;Neutral;Professional documentary;Education;Deep Web
D_11;;315050;Pro;Tutorial;Practical Guides And Style;Deep Web
D_12;;528273;Neutral;Amateur documentary;Education;Deep Web
D_13;;203695;Neutral;Other;News And Politics;Deep Web
D_14;;248023;Against;Vlog;Entertainment;Deep Web
D_15;;176698;Neutral;Talk;Science And Technology;Deep Web
D_16;;198258;Pro;Talk;Science And Technology;Deep Web
D_17;;157107;Pro;Vlog;Education;Deep Web
D_18;;108865;Neutral;Talk;Science And Technology;Deep Web
D_19;;157186;Pro;Professional documentary;Entertainment;Deep Web
D_2;;4554775;Neutral;Vlog;Education;Deep Web
D_20;;78819;Pro;Tutorial;Education;Deep Web
D_21;;92654;Neutral;Vlog;Practical Guides And Style;Deep Web
D_22;;98918;Pro;Tutorial;Practical Guides And Style;Deep Web
D_23;;60965;Pro;Tutorial;Practical Guides And Style;Deep Web
D_24;;63081;Pro;Tutorial;Games;Deep Web
D_25;;49909;Pro;Tutorial;Science And Technology;Deep Web
D_26;;29215;Neutral;Amateur documentary;Practical Guides And Style;Deep Web
D_27;;25897;Pro;Tutorial;Science And Technology;Deep Web
D_28;;28469;Neutral;Professional documentary;News And Politics;Deep Web
D_29;;19613;Neutral;Other;Entertainment;Deep Web
D_3;;3830274;Pro;Tutorial;Science And Technology;Deep Web
D_30;;25565;Pro;Tutorial;Practical Guides And Style;Deep Web
D_31;;23598;Pro;Talk;Entertainment;Deep Web
D_32;;13456;Against;Talk;People And Blog;Deep Web
D_33;;9459;Neutral;Other;People And Blog;Deep Web
D_34;;13895;Against;Amateur documentary;Games;Deep Web
D_35;;9935;Neutral;Other;People And Blog;Deep Web
D_36;;9958;Neutral;Other;People And Blog;Deep Web
D_37;;11350;Pro;Amateur documentary;Humor;Deep Web
D_38;;6404;Neutral;Other;People And Blog;Deep Web
D_39;;8130;Neutral;Other;Science And Technology;Deep Web
D_4;;1611549;Neutral;Professional documentary;Science And Technology;Deep Web
D_40;;8226;Pro;Tutorial;Entertainment;Deep Web
D_41;;5714;Neutral;Other;Entertainment;Deep Web
D_42;;5967;Neutral;Talk;News And Politics;Deep Web
D_43;;5470;Neutral;Other;People And Blog;Deep Web
D_44;;3264;Pro;Tutorial;People And Blog;Deep Web
D_45;;3160;Pro;Tutorial;Practical Guides And Style;Deep Web
D_46;;3865;Pro;Tutorial;People And Blog;Deep Web
D_47;;2756;Pro;Tutorial;Practical Guides And Style;Deep Web
D_48;;2415;Neutral;Other;People And Blog;Deep Web
D_49;;4763;Pro;Tutorial;Practical Guides And Style;Deep Web
D_5;;847432;Neutral;Vlog;People And Blog;Deep Web
D_50;;4114;Pro;Talk;Entertainment;Deep Web
D_6;;854110;Neutral;Talk;Entertainment;Deep Web
D_7;;454818;Pro;Tutorial;Science And Technology;Deep Web
D_8;;351621;Pro;Professional documentary;Science And Technology;Deep Web
D_9;;277283;Pro;Tutorial;Science And Technology;Deep Web
T_1;;1811;Pro;Tutorial;Science And Technology;Tor
T_10;;226;Pro;Tutorial;Practical Guides And Style;Tor
T_100;;31161;Pro;Tutorial;Science And Technology;Tor
T_101;;2907;Pro;Tutorial;Practical Guides And Style;Tor
T_102;;4450;Pro;Tutorial;Science And Technology;Tor
T_103;;1455;Pro;Tutorial;People And Blog;Tor
T_104;;125888;Neutral;Tutorial;Science And Technology;Tor
T_105;;1439;Pro;Tutorial;People And Blog;Tor
T_106;;564;Pro;Tutorial;Science And Technology;Tor
T_107;;3370;Pro;Tutorial;Education;Tor
T_108;;1099;Pro;Tutorial;Practical Guides And Style;Tor
T_109;;1067;Pro;Tutorial;People And Blog;Tor
T_11;;995;Pro;Tutorial;Practical Guides And Style;Tor
T_110;;5419;Pro;Tutorial;Nonprofits And Activism;Tor
T_111;;57782;Against;Vlog;Science And Technology;Tor
T_112;;2446;Pro;Tutorial;People And Blog;Tor
T_113;;442;Pro;Tutorial;Education;Tor
T_114;;6287;Pro;Tutorial;Practical Guides And Style;Tor
T_115;;46271;Pro;Tutorial;Practical Guides And Style;Tor
T_116;;82267;Pro;Tutorial;Games;Tor
T_117;;852;Pro;Tutorial;People And Blog;Tor
T_118;;381;Pro;Tutorial;Humor;Tor
T_119;;9681;Pro;Tutorial;Practical Guides And Style;Tor
T_12;;90;Pro;Tutorial;Science And Technology;Tor
T_120;;6436;Pro;Tutorial;Science And Technology;Tor
T_121;;17027;Pro;Tutorial;Science And Technology;Tor
T_122;;73652;Pro;Vlog;Science And Technology;Tor
T_123;;4551;Pro;Tutorial;Science And Technology;Tor
T_124;;110745;Pro;Tutorial;Practical Guides And Style;Tor
T_125;;109;Pro;Tutorial;Education;Tor
T_126;;266;Pro;Tutorial;Science And Technology;Tor
T_127;;48144;Pro;Tutorial;Science And Technology;Tor
T_128;;16410;Pro;Tutorial;Practical Guides And Style;Tor
T_129;;8899;Pro;Tutorial;Practical Guides And Style;Tor
T_13;;1345;Pro;Tutorial;Practical Guides And Style;Tor
T_130;;21177;Pro;Vlog;People And Blog;Tor
T_131;;64675;Pro;Talk;Education;Tor
T_132;;1327;Neutral;Tutorial;Science And Technology;Tor
T_133;;3939;Pro;Tutorial;People And Blog;Tor
T_134;;453554;Pro;Vlog;Science And Technology;Tor
T_135;;14585;Pro;Tutorial;Education;Tor
T_136;;579;Pro;Tutorial;People And Blog;Tor
T_137;;366;Pro;Tutorial;People And Blog;Tor
T_138;;819;Pro;Tutorial;Education;Tor
T_139;;3125;Pro;Tutorial;Science And Technology;Tor
T_14;;78899;Pro;Tutorial;Education;Tor
T_140;;109009;Pro;Tutorial;Science And Technology;Tor
T_141;;167112;Pro;Vlog;Science And Technology;Tor
T_142;;1749;Pro;Talk;Practical Guides And Style;Tor
T_143;;291;Pro;Tutorial;Science And Technology;Tor
T_144;;3837675;Pro;Vlog;Science And Technology;Tor
T_145;;15200;Pro;Vlog;People And Blog;Tor
T_146;;2497;Against;Talk;Science And Technology;Tor
T_147;;1459;Neutral;Vlog;Nonprofits And Activism;Tor
T_148;;167;Pro;Tutorial;Science And Technology;Tor
T_15;;2626;Pro;Tutorial;People And Blog;Tor
T_16;;401;Pro;Tutorial;People And Blog;Tor
T_17;;1660;Pro;Tutorial;People And Blog;Tor
T_18;;14751;Pro;Tutorial;Practical Guides And Style;Tor
T_19;;2301;Pro;Tutorial;Practical Guides And Style;Tor
T_2;;210;Pro;Tutorial;Practical Guides And Style;Tor
T_20;;530;Pro;Tutorial;Nonprofits And Activism;Tor
T_21;;88;Pro;Tutorial;People And Blog;Tor
T_22;;666;Pro;Tutorial;Science And Technology;Tor
T_23;;5679;Pro;Tutorial;Science And Technology;Tor
T_24;;57004;Pro;Tutorial;Science And Technology;Tor
T_25;;2056;Pro;Tutorial;Science And Technology;Tor
T_26;;1396;Pro;Tutorial;Science And Technology;Tor
T_27;;349;Pro;Tutorial;Practical Guides And Style;Tor
T_28;;1233;Pro;Tutorial;Education;Tor
T_29;;3557;Neutral;Vlog;Entertainment;Tor
T_3;;638;Pro;Tutorial;People And Blog;Tor
T_30;;720;Pro;Tutorial;People And Blog;Tor
T_31;;967;Pro;Vlog;News And Politics;Tor
T_32;;489;Pro;Tutorial;Education;Tor
T_33;;130670;Pro;Tutorial;Practical Guides And Style;Tor
T_34;;673508;Neutral;Vlog;News And Politics;Tor
T_35;;1355;Pro;Tutorial;Practical Guides And Style;Tor
T_36;;13031;Pro;Tutorial;Education;Tor
T_37;;763;Pro;Tutorial;Film And Animation;Tor
T_38;;911;Pro;Tutorial;People And Blog;Tor
T_39;;747;Pro;Tutorial;Science And Technology;Tor
T_4;;424;Pro;Tutorial;Education;Tor
T_40;;817;Pro;Tutorial;Education;Tor
T_41;;2978;Pro;Tutorial;Education;Tor
T_42;;11644;Pro;Tutorial;Practical Guides And Style;Tor
T_43;;462;Pro;Tutorial;Education;Tor
T_44;;400;Pro;Tutorial;Science And Technology;Tor
T_45;;1520;Pro;Tutorial;Science And Technology;Tor
T_46;;3931;Pro;Tutorial;Practical Guides And Style;Tor
T_47;;1133;Pro;Tutorial;People And Blog;Tor
T_48;;7131;Pro;Tutorial;Practical Guides And Style;Tor
T_49;;368;Pro;Tutorial;Education;Tor
T_5;;505;Pro;Tutorial;People And Blog;Tor
T_50;;11876;Pro;Tutorial;Practical Guides And Style;Tor
T_51;;4710;Pro;Tutorial;Practical Guides And Style;Tor
T_52;;49522;Against;Amateur documentary;Science And Technology;Tor
T_53;;26680;Pro;Tutorial;Practical Guides And Style;Tor
T_54;;143;Pro;Tutorial;Practical Guides And Style;Tor
T_55;;3268;Pro;Tutorial;Practical Guides And Style;Tor
T_56;;206472;Pro;Vlog;Science And Technology;Tor
T_57;;564;Pro;Tutorial;Science And Technology;Tor
T_58;;2490;Pro;Tutorial;Education;Tor
T_59;;6011;Neutral;Talk;Science And Technology;Tor
T_6;;434;Pro;Tutorial;People And Blog;Tor
T_60;;85324;Pro;Tutorial;Practical Guides And Style;Tor
T_61;;496;Pro;Tutorial;Science And Technology;Tor
T_62;;7864;Pro;Tutorial;Practical Guides And Style;Tor
T_63;;137914;Pro;Tutorial;Practical Guides And Style;Tor
T_64;;689;Pro;Tutorial;People And Blog;Tor
T_65;;1172;Pro;Tutorial;Science And Technology;Tor
T_66;;3718;Pro;Tutorial;Practical Guides And Style;Tor
T_67;;5174;Pro;Tutorial;People And Blog;Tor
T_68;;746;Pro;Tutorial;People And Blog;Tor
T_69;;8397;Pro;Tutorial;Science And Technology;Tor
T_7;;8023;Neutral;Talk;Science And Technology;Tor
T_70;;6036;Pro;Tutorial;Education;Tor
T_71;;795;Pro;Tutorial;People And Blog;Tor
T_72;;6443;Pro;Tutorial;Games;Tor
T_73;;25017;Pro;Tutorial;Practical Guides And Style;Tor
T_74;;29898;Pro;Tutorial;Practical Guides And Style;Tor
T_75;;482;Pro;Tutorial;Entertainment;Tor
T_76;;6607;Pro;Tutorial;Science And Technology;Tor
T_77;;10452;Pro;Tutorial;Science And Technology;Tor
T_78;;21662;Pro;Tutorial;Nonprofits And Activism;Tor
T_79;;10869;Pro;Tutorial;Education;Tor
T_8;;9601;Pro;Tutorial;Practical Guides And Style;Tor
T_80;;32997;Pro;Tutorial;Science And Technology;Tor
T_81;;143099;Pro;Tutorial;Practical Guides And Style;Tor
T_82;;3915;Pro;Tutorial;Science And Technology;Tor
T_83;;3250;Pro;Tutorial;People And Blog;Tor
T_84;;11626;Pro;Tutorial;People And Blog;Tor
T_85;;42365;Pro;Tutorial;People And Blog;Tor
T_86;;15785;Pro;Tutorial;Practical Guides And Style;Tor
T_87;;29829;Pro;Tutorial;Education;Tor
T_88;;8814;Pro;Tutorial;Education;Tor
T_89;;99147;Pro;Tutorial;Practical Guides And Style;Tor
T_9;;8049;Pro;Tutorial;Science And Technology;Tor
T_90;;4505;Pro;Tutorial;Science And Technology;Tor
T_91;;196448;Pro;Tutorial;Games;Tor
T_92;;90550;Pro;Tutorial;Nonprofits And Activism;Tor
T_93;;16762;Pro;Tutorial;Education;Tor
T_94;;63170;Neutral;Amateur documentary;Games;Tor
T_95;;16633;Pro;Tutorial;People And Blog;Tor
T_96;;402;Pro;Tutorial;Practical Guides And Style;Tor
T_97;;6623;Pro;Tutorial;Practical Guides And Style;Tor
T_98;;54418;Pro;Tutorial;Education;Tor
T_99;;12556;Pro;Vlog;Nonprofits And Activism;Tor
Z_Anonymity;Anonymity;;(Null);(Null);(Null);TAG
Z_Censorship;Censorship;;(Null);(Null);(Null);TAG
Z_Crime;Crime;;(Null);(Null);(Null);TAG
Z_Freedom;Freedom;;(Null);(Null);(Null);TAG
Z_From the Deep Web;From the Deep Web;;(Null);(Null);(Null);TAG
Z_Legal;Legal;;(Null);(Null);(Null);TAG
Z_Security;Security;;(Null);(Null);(Null);TAG
Z_Technology;Technology;;(Null);(Null);(Null);TAG
