Etichette di riga;Somma di insertion(s);Somma di deletion(s);Somma di file(s) changed;Somma
Roger Dingledine;403224;18824;12216;415440
Karsten Loesing;390589;591;888;391477
Nick Mathewson;366037;8391;21917;387954
Andrea Shepard;25999;522;544;26543
Peter Palfrader;20004;421;1160;21164
George Kadianakis;12741;52;644;13385
Steven Murdoch;11847;4;156;12003
Mike Perry;11093;20;505;11598
Felipe Bergo;11189;0;40;11229
Sebastian Hahn;8722;274;1534;10256
nils;10203;0;18;10221
Andrew Lewman;5830;249;470;6300
Paul Syverson;6222;0;61;6283
Robert Ransom;4876;79;454;5330
Linus Nordberg;4362;5;248;4610
Jacob Appelbaum;3614;609;114;3728
dana koch;3628;0;60;3688
Cristian Toader;2871;11;145;3016
Matej Pjafjar;1420;0;27;1447
Esteban Manchado Velázquez;1100;2;46;1146
teor;1076;0;65;1141
Martin Peck;1100;945;39;1139
rl1987;986;0;95;1081
Robert Hogan;871;0;46;917
Mike Chiussi;739;3;24;763
Christopher Davis;687;0;7;694
Stewart Smith;531;2;37;568
Bruce Montrose;520;0;30;550
Qingping Hou;487;64;30;517
Yawning Angel;396;0;17;413
Kevin Butler;381;0;30;411
Peter Retzlaff;365;0;15;380
Geoff Goodell;362;0;17;379
Thomas Sjögren;295;5;49;344
Steven Hazel;324;0;19;343
Anders Sundman;272;0;11;283
Marek Majkowski;235;0;39;274
meejah;226;0;13;239
Marian;228;0;3;231
anonymous;214;0;10;224
David Fifield;176;0;33;209
Can Tang;191;0;5;196
Arlo Breault;156;0;26;182
valerino;167;0;14;181
Kamran Riaz Khan;152;0;17;169
Florian Tschorsch;141;0;5;146
Jérémy Bobbio;112;0;17;129
David Stainton;96;0;18;114
John Brooks;96;0;9;105
Matthew Finkel;90;5;14;104
Damian Johnson;97;0;7;104
phobos;94;0;5;99
Poet (Tim Sally);90;0;5;95
Ondrej Mikle;81;0;11;92
Erinn Clark;78;0;8;86
David Goulet;73;0;9;82
vagrant;69;0;10;79
Anthony G. Basile;69;0;5;74
guilhem;65;0;5;70
AltF4;58;0;4;62
Ian Goldberg;57;0;4;61
Chris Palmer;56;0;2;58
Kevin Murray;54;0;3;57
Chris Ball;45;0;9;54
intrigeri;40;0;14;54
unixninja92;41;0;9;50
Brendan C;44;0;1;45
Martin Hebnes Pedersen;39;0;6;45
cypherpunks;41;0;3;44
Nathan Freitas;32;0;8;40
Florent Daigniere;32;0;6;38
Mansour Moufid;28;6;8;36
Gisle Vanem;29;0;7;36
Mashael AlSabah;34;0;1;35
Jim Meyering;26;0;6;32
mingw-san;28;0;4;32
Andrei Serjantov;29;0;2;31
yetonetime;30;0;1;31
Desoxy;23;0;6;29
potentiate;25;0;4;29
Arturo Filastò;22;0;5;27
Jamie Nguyen;25;0;2;27
Jim Pannacciulli;26;0;1;27
Sathyanarayanan Gunasekaran;22;0;3;25
Daniel 'koolfy' Faucon;19;0;4;23
Marcus Griep;19;0;4;23
Michael Yakubovich;20;0;3;23
Fabian Keil;13;0;4;17
Daniel Cagara;12;0;3;15
mikey99;14;0;1;15
Rob G. Jansen;14;0;1;15
Andreas Stieger;11;0;2;13
Michael Wolf;12;0;1;13
Emile Snyder;9;0;3;12
Stephen Palmateer;10;0;2;12
Isis Lovecruft;10;0;1;11
Ravi Chandra Padmala;8;0;2;10
Daniel Bryg;7;0;2;9
frosty;8;0;1;9
Kat Magic;8;0;1;9
anonym;7;0;1;8
Florian Zumbiehl;6;0;2;8
warms0x;6;0;2;8
Micah Anderson;4;3;3;7
Benjamin Kerensa;5;0;2;7
Christian Kujau;5;0;2;7
Gladys Shufflebottom;5;0;2;7
Dan Rosenberg;5;0;1;6
Fábio J. Bertinatto;5;0;1;6
Lunar;4;0;2;6
Magnus Nord;4;0;2;6
Gisle;4;0;1;5
Tom Fitzhenry;4;0;1;5
Andrea Gelmini;0;7;4;4
(Bogus user);3;0;1;4
Akshay Hebbar Y S;2;0;2;4
Patrick R McDonald;3;0;1;4
Taylor R Campbell;3;0;1;4
Tom Lowenthal;3;0;1;4
Patrick Mézard;2;0;1;3
Philip Van Hoof;2;0;1;3
Andy Isaacson;1;0;1;2
Markus Teich;1;0;1;2
Michael Witten;1;0;1;2
Murdoch@cl.cam.ac.uk;1;0;1;2
Nick Hopper;1;0;1;2
Adrien BAK;0;29;1;1
