3 PRO/1 AGAINST/NEUTRO;Contesto del discorso - TEMA;AMBIENTE
1 AGAINST;Censorship;6 Wikipedia
1 AGAINST;Censorship;6 Wikipedia
1 AGAINST;Censorship;6 Wikipedia
1 AGAINST;Censorship;6 Wikipedia
1 AGAINST;Censorship;6 Wikipedia
1 AGAINST;Censorship;6 Wikipedia
1 AGAINST;Google;6 Wikipedia
1 AGAINST;Censorship;1 Journalist
1 AGAINST;Censorship;1 Journalist
1 AGAINST;Censorship;1 Journalist
1 AGAINST;Censorship;1 Journalist
1 AGAINST;Censorship;1 Journalist
1 AGAINST;Censorship;1 Journalist
1 AGAINST;Censorship;1 Journalist
1 AGAINST;Censorship;1 Journalist
1 AGAINST;Censorship;1 Journalist
2 3 PRO WITH CRITICISM;Google;1 Journalist
3 PRO;Privacy;1 Journalist
1 AGAINST;Right to be forgotten;1 Journalist
2 3 PRO WITH CRITICISM;Privacy;9 Germany
2 3 PRO WITH CRITICISM;Right to be forgotten;9 Germany
1 AGAINST;Censorship;2 Blog/Association
1 AGAINST;Censorship;2 Blog/Association
2 3 PRO WITH CRITICISM;Censorship;2 Blog/Association
2 3 PRO WITH CRITICISM;Google;2 Blog/Association
3 PRO;Privacy;2 Blog/Association
3 PRO;Right to be forgotten;2 Blog/Association
3 PRO;Freedom of information;3 Academic
1 AGAINST;Google;3 Academic
2 3 PRO WITH CRITICISM;Google;3 Academic
3 PRO;Privacy;3 Academic
3 PRO;Privacy;3 Academic