PRO/AGAINST/NEUTRO;Contesto del discorso - TEMA;AMBIENTE
1 AGAINST;Censorship;3 Academic
1 AGAINST;Censorship;3 Academic
1 AGAINST;Freedom of information;3 Academic
3 PRO;Google;3 Academic
2 PRO WITH CRITICISM;Freedom of information;3 Academic
1 AGAINST;Censorship;2 Blog/Association
1 AGAINST;Censorship;2 Blog/Association
1 AGAINST;Censorship;2 Blog/Association
1 AGAINST;Google;2 Blog/Association
3 PRO;Privacy;2 Blog/Association
2 PRO WITH CRITICISM;Right to be forgotten;2 Blog/Association
2 PRO WITH CRITICISM;Right to be forgotten;2 Blog/Association
3 PRO;Freedom of information;8 EU
3 PRO;Privacy;8 EU
3 PRO;Privacy;8 EU
3 PRO;Privacy;8 EU
3 PRO;Right to be forgotten;8 EU
3 PRO;Google;9 Germany
1 AGAINST;Freedom of information;5 Google
1 AGAINST;Censorship;5 Google
1 AGAINST;Censorship;5 Google
1 AGAINST;Google;5 Google
1 AGAINST;Google;5 Google
1 AGAINST;Censorship;1 Journalist
1 AGAINST;Google;1 Journalist
2 PRO WITH CRITICISM;Google;1 Journalist
1 AGAINST;Censorship;4 Lawyer
1 AGAINST;Google;4 Lawyer
1 AGAINST;Google;4 Lawyer
3 PRO;Google;4 Lawyer
3 PRO;Google;9 Spain
1 AGAINST;Censorship;6 Wikipedia