AMBIENTE;3 PRO/1 AGAINSTTRO/NEUTRO;Contesto del discorso - TEMA
1 Journalist;1 AGAINST;Censorship
1 Journalist;1 AGAINST;Censorship
1 Journalist;1 AGAINST;Censorship
1 Journalist;1 AGAINST;Censorship
1 Journalist;1 AGAINST;Censorship
1 Journalist;1 AGAINST;Censorship
1 Journalist;1 AGAINST;Censorship
1 Journalist;1 AGAINST;Censorship
1 Journalist;1 AGAINST;Censorship
1 Journalist;1 AGAINST;Censorship
1 Journalist;1 AGAINST;Censorship
1 Journalist;1 AGAINST;Censorship
1 Journalist;1 AGAINST;Censorship
1 Journalist;1 AGAINST;Censorship
1 Journalist;1 AGAINST;Censorship
2 Blog/Association;1 AGAINST;Censorship
2 Blog/Association;1 AGAINST;Censorship
2 Blog/Association;1 AGAINST;Censorship
2 Blog/Association;1 AGAINST;Censorship
2 Blog/Association;1 AGAINST;Censorship
3 Academic;1 AGAINST;Censorship
3 Academic;1 AGAINST;Censorship
3 Academic;1 AGAINST;Censorship
3 Academic;1 AGAINST;Censorship
4 Lawyer;1 AGAINST;Censorship
5 Google;1 AGAINST;Censorship
5 Google;1 AGAINST;Censorship
5 Google;1 AGAINST;Censorship
6 Wikipedia;1 AGAINST;Censorship
6 Wikipedia;1 AGAINST;Censorship
6 Wikipedia;1 AGAINST;Censorship
6 Wikipedia;1 AGAINST;Censorship
6 Wikipedia;1 AGAINST;Censorship
6 Wikipedia;1 AGAINST;Censorship
6 Wikipedia;1 AGAINST;Censorship
6 Wikipedia;1 AGAINST;Censorship
2 Blog/Association;2 PRO WITH CRITICISM;Censorship
1 Journalist;2 PRO WITH CRITICISM;Censorship
3 Academic;2 PRO WITH CRITICISM;Censorship
3 Academic;1 AGAINST;Freedom of information
5 Google;1 AGAINST;Freedom of information
3 Academic;2 PRO WITH CRITICISM;Freedom of information
3 Academic;3 PRO;Freedom of information
8 EU;3 PRO;Freedom of information
1 Journalist;1 AGAINST;Google
1 Journalist;1 AGAINST;Google
1 Journalist;1 AGAINST;Google
1 Journalist;1 AGAINST;Google
1 Journalist;1 AGAINST;Google
2 Blog/Association;1 AGAINST;Google
2 Blog/Association;1 AGAINST;Google
3 Academic;1 AGAINST;Google
3 Academic;1 AGAINST;Google
3 Academic;1 AGAINST;Google
4 Lawyer;1 AGAINST;Google
4 Lawyer;1 AGAINST;Google
5 Google;1 AGAINST;Google
5 Google;1 AGAINST;Google
5 Google;1 AGAINST;Google
5 Google;1 AGAINST;Google
5 Google;1 AGAINST;Google
5 Google;1 AGAINST;Google
6 Wikipedia;1 AGAINST;Google
1 Journalist;2 PRO WITH CRITICISM;Google
2 Blog/Association;2 PRO WITH CRITICISM;Google
3 Academic;2 PRO WITH CRITICISM;Google
1 Journalist;2 PRO WITH CRITICISM;Google
1 Journalist;2 PRO WITH CRITICISM;Google
1 Journalist;2 PRO WITH CRITICISM;Google
1 Journalist;2 PRO WITH CRITICISM;Google
1 Journalist;2 PRO WITH CRITICISM;Google
2 Blog/Association;2 PRO WITH CRITICISM;Google
2 Blog/Association;2 PRO WITH CRITICISM;Google
2 Blog/Association;2 PRO WITH CRITICISM;Google
2 Blog/Association;2 PRO WITH CRITICISM;Google
3 Academic;2 PRO WITH CRITICISM;Google
3 Academic;2 PRO WITH CRITICISM;Google
3 Academic;2 PRO WITH CRITICISM;Google
3 Academic;2 PRO WITH CRITICISM;Google
3 Academic;2 PRO WITH CRITICISM;Google
3 Academic;2 PRO WITH CRITICISM;Google
4 Lawyer;2 PRO WITH CRITICISM;Google
5 Google;2 PRO WITH CRITICISM;Google
5 Google;2 PRO WITH CRITICISM;Google
1 Journalist;3 PRO;Google
2 Blog/Association;3 PRO;Google
2 Blog/Association;3 PRO;Google
3 Academic;3 PRO;Google
4 Lawyer;3 PRO;Google
4 Lawyer;3 PRO;Google
8 EU;3 PRO;Google
8 EU;3 PRO;Google
8 EU;3 PRO;Google
9 Argentina;3 PRO;Google
9 Argentina;3 PRO;Google
9 Germany;3 PRO;Google
9 Germany;3 PRO;Google
9 Spain;3 PRO;Google
9 Spain;3 PRO;Google
9 Spain;3 PRO;Google
3 Academic;1 AGAINST;Privacy
5 Google;1 AGAINST;Privacy
9 Germany;2 PRO WITH CRITICISM;Privacy
1 Journalist;2 PRO WITH CRITICISM;Privacy
2 Blog/Association;2 PRO WITH CRITICISM;Privacy
3 Academic;2 PRO WITH CRITICISM;Privacy
3 Academic;2 PRO WITH CRITICISM;Privacy
8 EU;2 PRO WITH CRITICISM;Privacy
1 Journalist;3 PRO;Privacy
1 Journalist;3 PRO;Privacy
1 Journalist;3 PRO;Privacy
2 Blog/Association;3 PRO;Privacy
2 Blog/Association;3 PRO;Privacy
2 Blog/Association;3 PRO;Privacy
2 Blog/Association;3 PRO;Privacy
2 Blog/Association;3 PRO;Privacy
2 Blog/Association;3 PRO;Privacy
2 Blog/Association;3 PRO;Privacy
3 Academic;3 PRO;Privacy
3 Academic;3 PRO;Privacy
3 Academic;3 PRO;Privacy
3 Academic;3 PRO;Privacy
3 Academic;3 PRO;Privacy
3 Academic;3 PRO;Privacy
3 Academic;3 PRO;Privacy
8 EU;3 PRO;Privacy
8 EU;3 PRO;Privacy
8 EU;3 PRO;Privacy
8 EU;3 PRO;Privacy
8 EU;3 PRO;Privacy
8 EU;3 PRO;Privacy
8 EU;3 PRO;Privacy
9 England;3 PRO;Privacy
9 Germany;3 PRO;Privacy
9 Germany;3 PRO;Privacy
9 Italy;3 PRO;Privacy
9 Russia;3 PRO;Privacy
1 Journalist;1 AGAINST;Right to be forgotten
1 Journalist;1 AGAINST;Right to be forgotten
1 Journalist;1 AGAINST;Right to be forgotten
1 Journalist;1 AGAINST;Right to be forgotten
1 Journalist;1 AGAINST;Right to be forgotten
1 Journalist;1 AGAINST;Right to be forgotten
1 Journalist;1 AGAINST;Right to be forgotten
1 Journalist;1 AGAINST;Right to be forgotten
1 Journalist;1 AGAINST;Right to be forgotten
1 Journalist;1 AGAINST;Right to be forgotten
1 Journalist;1 AGAINST;Right to be forgotten
1 Journalist;1 AGAINST;Right to be forgotten
2 Blog/Association;1 AGAINST;Right to be forgotten
2 Blog/Association;1 AGAINST;Right to be forgotten
2 Blog/Association;1 AGAINST;Right to be forgotten
2 Blog/Association;1 AGAINST;Right to be forgotten
2 Blog/Association;1 AGAINST;Right to be forgotten
2 Blog/Association;1 AGAINST;Right to be forgotten
3 Academic;1 AGAINST;Right to be forgotten
3 Academic;1 AGAINST;Right to be forgotten
3 Academic;1 AGAINST;Right to be forgotten
3 Academic;1 AGAINST;Right to be forgotten
3 Academic;1 AGAINST;Right to be forgotten
4 Lawyer;1 AGAINST;Right to be forgotten
5 Google;1 AGAINST;Right to be forgotten
5 Google;1 AGAINST;Right to be forgotten
5 Google;1 AGAINST;Right to be forgotten
5 Google;1 AGAINST;Right to be forgotten
6 Wikipedia;1 AGAINST;Right to be forgotten
6 Wikipedia;1 AGAINST;Right to be forgotten
6 Wikipedia;1 AGAINST;Right to be forgotten
9 UK;1 AGAINST;Right to be forgotten
9 UK;1 AGAINST;Right to be forgotten
9 UK;1 AGAINST;Right to be forgotten
9 Germany;2 PRO WITH CRITICISM;Right to be forgotten
1 Journalist;2 PRO WITH CRITICISM;Right to be forgotten
1 Journalist;2 PRO WITH CRITICISM;Right to be forgotten
2 Blog/Association;2 PRO WITH CRITICISM;Right to be forgotten
2 Blog/Association;2 PRO WITH CRITICISM;Right to be forgotten
2 Blog/Association;2 PRO WITH CRITICISM;Right to be forgotten
2 Blog/Association;2 PRO WITH CRITICISM;Right to be forgotten
2 Blog/Association;2 PRO WITH CRITICISM;Right to be forgotten
3 Academic;2 PRO WITH CRITICISM;Right to be forgotten
3 Academic;2 PRO WITH CRITICISM;Right to be forgotten
3 Academic;2 PRO WITH CRITICISM;Right to be forgotten
3 Academic;2 PRO WITH CRITICISM;Right to be forgotten
3 Academic;2 PRO WITH CRITICISM;Right to be forgotten
5 Google;2 PRO WITH CRITICISM;Right to be forgotten
7 Facebook;2 PRO WITH CRITICISM;Right to be forgotten
8 EU;2 PRO WITH CRITICISM;Right to be forgotten
1 Journalist;3 PRO;Right to be forgotten
1 Journalist;3 PRO;Right to be forgotten
1 Journalist;3 PRO;Right to be forgotten
1 Journalist;3 PRO;Right to be forgotten
1 Journalist;3 PRO;Right to be forgotten
2 Blog/Association;3 PRO;Right to be forgotten
2 Blog/Association;3 PRO;Right to be forgotten
2 Blog/Association;3 PRO;Right to be forgotten
2 Blog/Association;3 PRO;Right to be forgotten
2 Blog/Association;3 PRO;Right to be forgotten
2 Blog/Association;3 PRO;Right to be forgotten
3 Academic;3 PRO;Right to be forgotten
4 Lawyer;3 PRO;Right to be forgotten
5 Google;3 PRO;Right to be forgotten
8 EU;3 PRO;Right to be forgotten
8 EU;3 PRO;Right to be forgotten
8 EU;3 PRO;Right to be forgotten
8 EU;3 PRO;Right to be forgotten
8 EU;3 PRO;Right to be forgotten
9 Italy;3 PRO;Right to be forgotten
9 Italy;3 PRO;Right to be forgotten
1 Journalist;1 AGAINST;Right to be forgotten
2 Blog/Association;1 AGAINST;Right to be forgotten
3 Academic;3 PRO;Right to be forgotten