Contesto del discorso - TEMA;PRO/CONTRO/NEUTRO;AMBIENTE
Censorship;1 AGAINST;3 Academic
Privacy;1 AGAINST;3 Academic
Right to information;1 AGAINST;2 Blog/Association
Privacy;1 AGAINST;5 Google
Right to information;1 AGAINST;1 Journalist
Censorship;1 AGAINST;6 Wikipedia
Privacy;3 PRO;3 Academic
Right to information;3 PRO;3 Academic
Privacy;3 PRO;2 Blog/Association
Privacy;3 PRO;2 Blog/Association
Right to be forgotten;3 PRO;2 Blog/Association
Google;3 PRO;8 EU
Google;3 PRO;8 EU
Right to be forgotten;3 PRO;9 Italy
Right to be forgotten;3 PRO;9 Italy
Google;3 PRO;1 Journalist
Privacy;3 PRO;1 Journalist
Google;3 PRO;4 Lawyers
Privacy;3 PRO;9 Russia
Google;3 PRO;9 Spain
Google;3 PRO;9 Spain
Privacy;2 PRO WITH CRITICISM;2 Blog/Association
Privacy;2 PRO WITH CRITICISM;8 EU
Google;2 PRO WITH CRITICISM;1 Journalist