PRO/AGAINST/PRO WITH CRITICISM;Contesto del discorso - TEMA;AMBIENTE
1 AGAINST;RIGHT TO BE FORGOTTEN;3 ACADEMIC
1 AGAINST;RIGHT TO BE FORGOTTEN;3 ACADEMIC
1 AGAINST;GOOGLE;3 ACADEMIC
1 AGAINST;GOOGLE;3 ACADEMIC
1 AGAINST;RIGHT TO BE FORGOTTEN;3 ACADEMIC
1 AGAINST;RIGHT TO BE FORGOTTEN;3 ACADEMIC
1 AGAINST;RIGHT TO BE FORGOTTEN;2 BLOG/ASSOCIATION
1 AGAINST;RIGHT TO BE FORGOTTEN;2 BLOG/ASSOCIATION
1 AGAINST;RIGHT TO BE FORGOTTEN;2 BLOG/ASSOCIATION
1 AGAINST;RIGHT TO BE FORGOTTEN;2 BLOG/ASSOCIATION
1 AGAINST;GOOGLE;2 BLOG/ASSOCIATION
1 AGAINST;RIGHT TO BE FORGOTTEN;2 BLOG/ASSOCIATION
1 AGAINST;GOOGLE;5 GOOGLE
1 AGAINST;RIGHT TO BE FORGOTTEN;5 GOOGLE
1 AGAINST;RIGHT TO BE FORGOTTEN;5 GOOGLE
1 AGAINST;RIGHT TO BE FORGOTTEN;5 GOOGLE
1 AGAINST;RIGHT TO BE FORGOTTEN;5 GOOGLE
1 AGAINST;GOOGLE;1 JOURNALIST
1 AGAINST;RIGHT TO BE FORGOTTEN;1 JOURNALIST
1 AGAINST;GOOGLE;1 JOURNALIST
1 AGAINST;RIGHT TO BE FORGOTTEN;1 JOURNALIST
1 AGAINST;RIGHT TO BE FORGOTTEN;1 JOURNALIST
1 AGAINST;RIGHT TO BE FORGOTTEN;1 JOURNALIST
1 AGAINST;RIGHT TO BE FORGOTTEN;1 JOURNALIST
1 AGAINST;RIGHT TO BE FORGOTTEN;1 JOURNALIST
1 AGAINST;GOOGLE;1 JOURNALIST
1 AGAINST;RIGHT TO BE FORGOTTEN;1 JOURNALIST
1 AGAINST;RIGHT TO BE FORGOTTEN;1 JOURNALIST
1 AGAINST;RIGHT TO BE FORGOTTEN;1 JOURNALIST
1 AGAINST;RIGHT TO BE FORGOTTEN;1 JOURNALIST
1 AGAINST;RIGHT TO BE FORGOTTEN;1 JOURNALIST
1 AGAINST;GOOGLE;1 JOURNALIST
1 AGAINST;RIGHT TO BE FORGOTTEN;4 LAWYER
1 AGAINST;RIGHT TO BE FORGOTTEN;9 UK
1 AGAINST;RIGHT TO BE FORGOTTEN;9 UK
1 AGAINST;RIGHT TO BE FORGOTTEN;9 UK
1 AGAINST;RIGHT TO BE FORGOTTEN;6 WIKIPEDIA
1 AGAINST;RIGHT TO BE FORGOTTEN;6 WIKIPEDIA
1 AGAINST;RIGHT TO BE FORGOTTEN;6 WIKIPEDIA
3 PRO;RIGHT TO BE FORGOTTEN;3 ACADEMIC
3 PRO;RIGHT TO BE FORGOTTEN;2 BLOG/ASSOCIATION
3 PRO;RIGHT TO BE FORGOTTEN;2 BLOG/ASSOCIATION
3 PRO;GOOGLE;2 BLOG/ASSOCIATION
3 PRO;GOOGLE;2 BLOG/ASSOCIATION
3 PRO;RIGHT TO BE FORGOTTEN;2 BLOG/ASSOCIATION
3 PRO;GOOGLE;8 EU
3 PRO;PRIVACY;8 EU
3 PRO;RIGHT TO BE FORGOTTEN;8 EU
3 PRO;RIGHT TO BE FORGOTTEN;8 EU
3 PRO;RIGHT TO BE FORGOTTEN;8 EU
3 PRO;RIGHT TO BE FORGOTTEN;5 GOOGLE
3 PRO;RIGHT TO BE FORGOTTEN;1 JOURNALIST
3 PRO;RIGHT TO BE FORGOTTEN;1 JOURNALIST
3 PRO;RIGHT TO BE FORGOTTEN;1 JOURNALIST
3 PRO;RIGHT TO BE FORGOTTEN;1 JOURNALIST
3 PRO;RIGHT TO BE FORGOTTEN;4 LAWYER
2 PRO WITH CRITICISM;RIGHT TO BE FORGOTTEN;3 ACADEMIC
2 PRO WITH CRITICISM;RIGHT TO BE FORGOTTEN;3 ACADEMIC
2 PRO WITH CRITICISM;GOOGLE;3 ACADEMIC
2 PRO WITH CRITICISM;RIGHT TO BE FORGOTTEN;3 ACADEMIC
2 PRO WITH CRITICISM;RIGHT TO BE FORGOTTEN;3 ACADEMIC
2 PRO WITH CRITICISM;GOOGLE;3 ACADEMIC
2 PRO WITH CRITICISM;RIGHT TO BE FORGOTTEN;2 BLOG/ASSOCIATION
2 PRO WITH CRITICISM;GOOGLE;2 BLOG/ASSOCIATION
2 PRO WITH CRITICISM;RIGHT TO BE FORGOTTEN;2 BLOG/ASSOCIATION
2 PRO WITH CRITICISM;GOOGLE;2 BLOG/ASSOCIATION
2 PRO WITH CRITICISM;RIGHT TO BE FORGOTTEN;2 BLOG/ASSOCIATION
2 PRO WITH CRITICISM;RIGHT TO BE FORGOTTEN;8 EU
2 PRO WITH CRITICISM;RIGHT TO BE FORGOTTEN;7 FACEBOOK
2 PRO WITH CRITICISM;RIGHT TO BE FORGOTTEN;5 GOOGLE
2 PRO WITH CRITICISM;GOOGLE;5 GOOGLE
2 PRO WITH CRITICISM;GOOGLE;5 GOOGLE
2 PRO WITH CRITICISM;RIGHT TO BE FORGOTTEN;1 JOURNALIST
2 PRO WITH CRITICISM;GOOGLE;1 JOURNALIST
2 PRO WITH CRITICISM;GOOGLE;1 JOURNALIST
2 PRO WITH CRITICISM;GOOGLE;1 JOURNALIST
2 PRO WITH CRITICISM;GOOGLE;4 LAWYER