AMBIENTE;Contesto del discorso - TEMA;PRO/AGAINST/NEUTRO
3 Academic;Censorship;1 AGAINST
3 Academic;Right to be forgotten;1 AGAINST
2 Blog/Association;Right to be forgotten;1 AGAINST
5 Google;Censorship;1 AGAINST
5 Google;Google;1 AGAINST
5 Google;Google;1 AGAINST
5 Google;Google;1 AGAINST
1 Journalist;Censorship;1 AGAINST
1 Journalist;Censorship;1 AGAINST
1 Journalist;Censorship;1 AGAINST
1 Journalist;Censorship;1 AGAINST
1 Journalist;Censorship;1 AGAINST
3 Academic;Privacy;3 PRO
3 Academic;Privacy;3 PRO
3 Academic;Privacy;3 PRO
3 Academic;Privacy;3 PRO
9 Argentina;Google;3 PRO
9 Argentina;Google;3 PRO
2 Blog/Association;Privacy;3 PRO
2 Blog/Association;Privacy;3 PRO
2 Blog/Association;Privacy;3 PRO
2 Blog/Association;Right to be forgotten;3 PRO
9 England;Privacy;3 PRO
8 EU Court;Privacy;3 PRO
8 EU Court;Privacy;3 PRO
8 EU Court;Privacy;3 PRO
8 EU Court;Right to be forgotten;3 PRO
9 Germany;Google;3 PRO
9 Germany;Privacy;3 PRO
9 Germany;Privacy;3 PRO
9 Italy;Privacy;3 PRO
1 Journalist;Privacy;3 PRO
1 Journalist;Right to be forgotten;3 PRO
3 Academic;Censorship;2 PRO WITH CRITICISM
3 Academic;Google;2 PRO WITH CRITICISM
3 Academic;Google;2 PRO WITH CRITICISM
3 Academic;Google;2 PRO WITH CRITICISM
3 Academic;Google;2 PRO WITH CRITICISM
3 Academic;Privacy;2 PRO WITH CRITICISM
3 Academic;Privacy;2 PRO WITH CRITICISM
3 Academic;Right to be forgotten;2 PRO WITH CRITICISM
2 Blog/Association;Google;2 PRO WITH CRITICISM
2 Blog/Association;Google;2 PRO WITH CRITICISM
1 Journalist;Censorship;2 PRO WITH CRITICISM
1 Journalist;Privacy;2 PRO WITH CRITICISM
1 Journalist;Right to be forgotten;2 PRO WITH CRITICISM