Id,Label,Type,Occurrences Count
casilegge_a5fcf1d1dfd0355104ba5298527511cc,%20freedom%20of%20expression%20and%20cyberslapps%20-%20fostering%20anonymity%20on%20the%20internet.pdf,"casi legge ",1
casilegge_6bb8fedce09faf81a2495bd309f0431c,14th amendment to the constitution in the late 1860,"casi legge ",1
casilegge_6c59f2006fc75ee355f83fd962665def,2channel,"casi legge ",2
casilegge_0a64c81275732dcf0eb51fc0fdecfaa7,4chan,"casi legge ",6
casilegge_6ca1ce1fb093bb409055f076a93e770c,5th brazilian amendment,"casi legge ",1
casilegge_b3c4e0bcd5ea4ec640ec7344509eb3d7,aclu v reno,"casi legge ",3
casilegge_9683c5582f3df5e81997c5ccfdeb70f3,amanda todd suicide,"casi legge ",1
casilegge_ac980328a6a0984ca108d47a2920d933,armm censorship,"casi legge ",1
casilegge_e6f401534f9d9e283dbb36e1f6634dcd,art. 10 echr,"casi legge ",1
casilegge_c4d7389c9a3547d54daa5aa65ead6275,art. 8 echr,"casi legge ",1
casilegge_5ed33f7008771c9d49e3716aeaeca581,ask,"casi legge ",1
casilegge_c759bc29fda4c01294b25ccc35ae3560,australian privacy law,"casi legge ",1
casilegge_8f212eb23ade3517a01d6928c8ca75bd,bartnicki v vopper,"casi legge ",1
casilegge_267ca3a3245caf823bb461497586a405,brazilian civil court v anonymous app,"casi legge ",1
casilegge_6c19eaf06785ed092744155127cfbd3c,brian burke v 18 doe,"casi legge ",1
casilegge_056145d89949a57daa63e49afc50e81a,campbell v mgn,"casi legge ",1
casilegge_ffc760d4bb3bbda9083fe20d53b6cf86,canadian copyright law,"casi legge ",1
casilegge_13e1e93ea9b2433e87f8ed435933a62c,church of scentology v helsingius,"casi legge ",1
casilegge_426fc3dcb61c7b046e57b4695059c4c3,colm coss v troll,"casi legge ",1
casilegge_5c9f070079f947e5abd8b1166051024a,communication decency act,"casi legge ",1
casilegge_34d35b2554e1994e5a2202f8e1aa54d0,communications decency act,"casi legge ",2
casilegge_3176f5bdbde8e3eb7f677bbbf3450d59,complaintsboard.com,"casi legge ",1
casilegge_e7a50fff10a4cfe0e3ea0a0c68323f17,constitution of the people republic of china,"casi legge ",1
casilegge_be0254ee703300da12b675c019ee2bbb,daryl doucette v anonymous anonymous,"casi legge ",1
casilegge_ce0e4caef571d1713d4db20eab24bda0,declaration of the council of europe on freedom of communication on the internet (principle 7),"casi legge ",1
casilegge_ae511953b928454793a1aeb03c8837d1,declaration of the independence of cyberspace,"casi legge ",1
casilegge_06790a7fba54119261b47711c7f01c6d,declaration on the freedom of expression and information,"casi legge ",1
casilegge_94abeac17a2f9aa62df9dab8abdef7f0,defamation act 2013,"casi legge ",1
casilegge_1b2c254415c84547f22655a0bf959cd9,delfi as v estonia,"casi legge ",5
casilegge_3d4c3bcebd84410be285408e73717572,dendrite international inc. v john doe,"casi legge ",5
casilegge_2b9457eb6a7f6b7f9679b2991c008ef1,doe v cahill,"casi legge ",3
casilegge_fdb8d161bbb36e75e032c71e07432cbf,doe v reed,"casi legge ",1
casilegge_6162c2dbfb496c03ea55cc28352415b3,doubleclick,"casi legge ",1
casilegge_3546ce0a30f4f58f7ddc738794468c89,edison koon-hei chen v anonymous post,"casi legge ",1
casilegge_051c17e0e2d4985e82cada14343b31b4,electronic communications privacy act,"casi legge ",1
casilegge_f3375dfc0e98dc2ea31ce05b0309ba17,european union charter of fundamental rights,"casi legge ",1
casilegge_26cae7718c32180a7a0f8e19d6d40a59,facebook,"casi legge ",24
casilegge_e1cf357b0be887c30128304bc1670a96,first amendment,"casi legge ",24
casilegge_e1f53f2df5c7a2bdc9fb8a57291044c9,flickr,"casi legge ",1
casilegge_0208184b7d45c68678af46da59a8ae48,gertz v robert welch inc.,"casi legge ",2
casilegge_0dde532179a6b4afe626062da727eb31,gizmodo,"casi legge ",1
casilegge_75044507ea6f837499859ce8d9e82b15,glassdoor,"casi legge ",1
casilegge_c822c1b63853ed273b89687ac505f9fa,google,"casi legge ",9
casilegge_6b9b8f19c3e117b4d378765d629839b0,google street view,"casi legge ",1
casilegge_b76a370a2f1a0a5017b053a36ed8d591,google+,"casi legge ",1
casilegge_49364037981c3bea38d80769e160d264,horizon group v. bonnen,"casi legge ",1
casilegge_d108650fc7efa4ded65653fa4bb5fc80,huffington post,"casi legge ",5
casilegge_56ca0d4773a92891d2d6418bdb2a6ed5,i2p,"casi legge ",1
casilegge_d212eb44003c9b366992827e334f19b8,imgur,"casi legge ",1
casilegge_faec6fbe3f55eda553591731a4cd22d1,information and communication network law,"casi legge ",1
casilegge_38f76d6f1287b90f45a06f4df9a5882a,internet protection act,"casi legge ",1
casilegge_5eb44c7dcd8d438eda3e0d3b6cfc9e0d,joan melvin v john doe,"casi legge ",1
casilegge_2b36d994eefafcfb5622a76ace2e4c53,joelle ligon case law,"casi legge ",1
casilegge_59db530f26192b7d3d65e5358a80943a,jubii.dk,"casi legge ",1
casilegge_a27761f259dfe96cdca526f665d28e0d,juicycampus.com,"casi legge ",1
casilegge_9285739902b3dbfd4e2cebcff9e254c6,kashke v gray & hilton,"casi legge ",1
casilegge_a0bfd91212d4e8ba38c848ff45ef89fd,kennedy v the charity commission,"casi legge ",1
casilegge_028d67231443156dd19d4a17193b1b1e,mary beard v troll,"casi legge ",1
casilegge_037016c1db2a1ce4495ea8e916d37b40,mcconnell v fec,"casi legge ",2
casilegge_8522761b063a8c324a676a86c04dac86,mcintyre v ohio election commission,"casi legge ",7
casilegge_028258954b4e6dff3910723a436854e2,megan meier suicide,"casi legge ",1
casilegge_589ca23a7ab33e5a0798a9808dcb5e2e,meyer v grant,"casi legge ",1
casilegge_b8852643f4c92604b962f252560c29ec,miranda hart v troll,"casi legge ",1
casilegge_3587b02d4edd79d3a4df4c0031cfd061,mosher v coast publishing ltd,"casi legge ",2
casilegge_98b3aaf3edc5a0e94e2fb15f2c91c594,national review,"casi legge ",1
casilegge_7c3eb42b213302a472b0a9ac79fa39f9,new york times,"casi legge ",1
casilegge_e1eead1871d1ae786456ea8cdb37dbc0,new york times co. v sullivan,"casi legge ",2
casilegge_2889adb0a8b179400a587fbbd5926102,new zealand privacy laws,"casi legge ",1
casilegge_cac81601c63cc9de9b2062c06ba36684,pissedconsumer.com,"casi legge ",1
casilegge_8cfe5d8c3688c454fc685d03a7b28b71,popular science,"casi legge ",2
casilegge_af68589d726aa903abe3abef7275bbfa,privacy law,"casi legge ",1
casilegge_774a923391d786ea7589adb8d4d8dd59,public records act,"casi legge ",1
casilegge_80af4a696cf899f4edcd184de05cbdb2,publius blog v national review,"casi legge ",1
casilegge_d9602947c813ec4a6b90ef81db7f6de4,r. v spencer,"casi legge ",6
casilegge_93ba06a8b0e3dcb123cec7fd6f34b4ad,real name verification law,"casi legge ",1
casilegge_5e8a5709f662f8d401f7a00e6137f9ca,reddit,"casi legge ",2
casilegge_dc54d4678e62010da03e468039cfe826,reuters,"casi legge ",1
casilegge_fa5a4660499d36be24f167510540b9cf,rypple,"casi legge ",1
casilegge_593a49d5e9613a5b0b3a2519582c7bba,sarbanes-oxley act,"casi legge ",1
casilegge_e34a859935f9cdb69e41842149d8d92e,sean duffy v troll,"casi legge ",1
casilegge_4f500a65766167c5adbd34acb0597608,secret app,"casi legge ",1
casilegge_59d59bd0a95db884ec0442c80411d52d,snowden,"casi legge ",1
casilegge_ba94a498f055432ca50dcb44c04a08f1,sporting news,"casi legge ",1
casilegge_f8df484de510e173e034c04c5e0c33f0,stephen fry v troll,"casi legge ",1
casilegge_c23091ef128fc1bb1fe3482f985196dd,talley v california,"casi legge ",3
casilegge_ee6255b4abf82918552c7d79f4618665,tamiz v google,"casi legge ",1
casilegge_7194ef805fa2d04b0f7e8c9521f97343,techcrunch,"casi legge ",1
casilegge_488216fa44136c0e649bb5f37ee27df7,the european court of human rights,"casi legge ",1
casilegge_576a14743bf1228f2ae427f8f4c5fd1d,the times,"casi legge ",1
casilegge_374749e8753e15114eee75aea1546332,the vancouver sun,"casi legge ",1
casilegge_6eb3dbe6eefc64fd9302d33d026f7bcf,thekenyon thrill,"casi legge ",1
casilegge_f2b798f672d4b42c0359ced11d4f10cd,times,"casi legge ",1
casilegge_6f5df8581db7ac10a56dd8ffe95ba4a1,times v nightjack,"casi legge ",2
casilegge_7c0b1b361a964c9f5a2c89bec5740412,tor,"casi legge ",3
casilegge_4d10acd144e5de005b0a92224f3cc165,town square,"casi legge ",1
casilegge_9385d176957aec01cbfe21a52a792e05,tripadvisor,"casi legge ",1
casilegge_84314f01e87cb656ba5f382d22d85134,tumblr.com,"casi legge ",1
casilegge_b73c2d22763d1ce2143a3755c1d0ad3a,twitter,"casi legge ",14
casilegge_456ed07a83fa40410119dd3755bca40d,uejf v yahoo,"casi legge ",1
casilegge_2203723c97723601239582cebef0dd6e,uk bill of rights,"casi legge ",1
casilegge_4feaf6ef7f71e12c296f0ae82f257c28,uk defamation act,"casi legge ",1
casilegge_a4a50e8c1a2bd5fefd37db18c2fd58ee,united states v rumely,"casi legge ",1
casilegge_ced25ec4be6cf6602aac586d4b957c15,universal declaration of human rights,"casi legge ",4
casilegge_3eb9efeecc0aabacbc89909cf0491764,us constitution,"casi legge ",1
casilegge_bf822ae3083491047a09edde2498fc66,usa today,"casi legge ",1
casilegge_740032cddca4231c35f691047507232d,usenet,"casi legge ",1
casilegge_60e78c433af4da601c7fb7efbab51b6e,violentacrez troll v reddit,"casi legge ",1
casilegge_749ab3b68632680660d776891751e812,weibo,"casi legge ",1
casilegge_2ca60a3b825decea1811d206540070f7,wikileaks,"casi legge ",1
casilegge_241fe8af1e038118cd817048a65f803e,yahoo,"casi legge ",2
casilegge_771c0159ac754c62cdc1c5981d1412f9,yelp,"casi legge ",2
casilegge_e35a1d26840300b6958dfa82ac52fdbf,yelp v hadeed,"casi legge ",2
casilegge_74ed44819aa5bd6221a643d282e30d3e,yik yak,"casi legge ",6
casilegge_f9ddeb00dd0f89933756d72559b0354d,york university v bell canada enterprises,"casi legge ",1
casilegge_e739945490382d84dc03e558c056fa03,youmitter,"casi legge ",1
casilegge_ba9bf05693b9fa202d922dd43a08f281,youtube,"casi legge ",2
casilegge_11e1753c8bd1530b4ac42b3ca58df92b,zeran v america online inc.,"casi legge ",1
