Source,Target,Type,Id,Label,Weight,Type,Matchings Count,url
casilegge_6bb8fedce09faf81a2495bd309f0431c,casilegge_e1cf357b0be887c30128304bc1670a96,Undirected,1,,1.0,Row number,1,http://www.bluejersey.com/diary/24870/anonymous-expression-it-helped-to-make-america
casilegge_6bb8fedce09faf81a2495bd309f0431c,casilegge_c822c1b63853ed273b89687ac505f9fa,Undirected,2,,1.0,Row number,1,http://www.bluejersey.com/diary/24870/anonymous-expression-it-helped-to-make-america
casilegge_6bb8fedce09faf81a2495bd309f0431c,casilegge_8522761b063a8c324a676a86c04dac86,Undirected,3,,1.0,Row number,1,http://www.bluejersey.com/diary/24870/anonymous-expression-it-helped-to-make-america
casilegge_6c59f2006fc75ee355f83fd962665def,casilegge_0a64c81275732dcf0eb51fc0fdecfaa7,Undirected,4,,1.0,Row number,1,http://tanasinn.info/wiki/A_Guide_to_Anonymous_Boards
casilegge_0a64c81275732dcf0eb51fc0fdecfaa7,casilegge_9683c5582f3df5e81997c5ccfdeb70f3,Undirected,5,,1.0,Row number,1,"http://scholarship.shu.edu/cgi/viewcontent.cgi?article=1179&amp,context=student_scholarship"
casilegge_0a64c81275732dcf0eb51fc0fdecfaa7,casilegge_3d4c3bcebd84410be285408e73717572,Undirected,6,,1.0,Row number,1,"http://scholarship.shu.edu/cgi/viewcontent.cgi?article=1179&amp,context=student_scholarship"
casilegge_0a64c81275732dcf0eb51fc0fdecfaa7,casilegge_26cae7718c32180a7a0f8e19d6d40a59,Undirected,7,,3.0,Row number,3,"http://www.cnn.com/2013/01/29/tech/social-media/social-number-anonymous/ | http://www.nytimes.com/roomfordebate/2013/09/23/facebook-and-narcissism/dont-hate-the-player-hate-the-game | http://www.tara.tcd.ie/xmlui/bitstream/handle/2262/69853/vogel.pdf?sequence=1&amp,isAllowed=y"
casilegge_0a64c81275732dcf0eb51fc0fdecfaa7,casilegge_e1cf357b0be887c30128304bc1670a96,Undirected,8,,2.0,Row number,2,"http://scholarship.shu.edu/cgi/viewcontent.cgi?article=1179&amp,context=student_scholarship | http://www.tara.tcd.ie/xmlui/bitstream/handle/2262/69853/vogel.pdf?sequence=1&amp,isAllowed=y"
casilegge_0a64c81275732dcf0eb51fc0fdecfaa7,casilegge_d212eb44003c9b366992827e334f19b8,Undirected,9,,1.0,Row number,1,"http://scholarship.shu.edu/cgi/viewcontent.cgi?article=1179&amp,context=student_scholarship"
casilegge_0a64c81275732dcf0eb51fc0fdecfaa7,casilegge_38f76d6f1287b90f45a06f4df9a5882a,Undirected,10,,1.0,Row number,1,"http://scholarship.shu.edu/cgi/viewcontent.cgi?article=1179&amp,context=student_scholarship"
casilegge_0a64c81275732dcf0eb51fc0fdecfaa7,casilegge_037016c1db2a1ce4495ea8e916d37b40,Undirected,11,,1.0,Row number,1,"http://scholarship.shu.edu/cgi/viewcontent.cgi?article=1179&amp,context=student_scholarship"
casilegge_0a64c81275732dcf0eb51fc0fdecfaa7,casilegge_8522761b063a8c324a676a86c04dac86,Undirected,12,,1.0,Row number,1,"http://scholarship.shu.edu/cgi/viewcontent.cgi?article=1179&amp,context=student_scholarship"
casilegge_0a64c81275732dcf0eb51fc0fdecfaa7,casilegge_5e8a5709f662f8d401f7a00e6137f9ca,Undirected,13,,1.0,Row number,1,"http://scholarship.shu.edu/cgi/viewcontent.cgi?article=1179&amp,context=student_scholarship"
casilegge_0a64c81275732dcf0eb51fc0fdecfaa7,casilegge_84314f01e87cb656ba5f382d22d85134,Undirected,14,,1.0,Row number,1,"http://scholarship.shu.edu/cgi/viewcontent.cgi?article=1179&amp,context=student_scholarship"
casilegge_0a64c81275732dcf0eb51fc0fdecfaa7,casilegge_b73c2d22763d1ce2143a3755c1d0ad3a,Undirected,15,,3.0,Row number,3,"http://scholarship.shu.edu/cgi/viewcontent.cgi?article=1179&amp,context=student_scholarship | http://www.cnn.com/2013/01/29/tech/social-media/social-number-anonymous/ | http://www.tara.tcd.ie/xmlui/bitstream/handle/2262/69853/vogel.pdf?sequence=1&amp,isAllowed=y"
casilegge_0a64c81275732dcf0eb51fc0fdecfaa7,casilegge_4feaf6ef7f71e12c296f0ae82f257c28,Undirected,16,,1.0,Row number,1,"http://www.tara.tcd.ie/xmlui/bitstream/handle/2262/69853/vogel.pdf?sequence=1&amp,isAllowed=y"
casilegge_0a64c81275732dcf0eb51fc0fdecfaa7,casilegge_60e78c433af4da601c7fb7efbab51b6e,Undirected,17,,1.0,Row number,1,"http://scholarship.shu.edu/cgi/viewcontent.cgi?article=1179&amp,context=student_scholarship"
casilegge_6ca1ce1fb093bb409055f076a93e770c,casilegge_267ca3a3245caf823bb461497586a405,Undirected,18,,1.0,Row number,1,http://panampost.com/belen-marty/2014/08/21/brazil-judge-rules-anonymous-apps-unconstitutional/
casilegge_6ca1ce1fb093bb409055f076a93e770c,casilegge_4f500a65766167c5adbd34acb0597608,Undirected,19,,1.0,Row number,1,http://panampost.com/belen-marty/2014/08/21/brazil-judge-rules-anonymous-apps-unconstitutional/
casilegge_b3c4e0bcd5ea4ec640ec7344509eb3d7,casilegge_34d35b2554e1994e5a2202f8e1aa54d0,Undirected,20,,1.0,Row number,1,http://illinoislawreview.org/wp-content/ilr-content/articles/2009/3/Lewis.pdf
casilegge_b3c4e0bcd5ea4ec640ec7344509eb3d7,casilegge_3d4c3bcebd84410be285408e73717572,Undirected,21,,2.0,Row number,2,"http://illinoislawreview.org/wp-content/ilr-content/articles/2009/3/Lewis.pdf | http://www.netsafe.org.nz/keeping_safe.php?pageID=178&amp,sectionID=Library&amp,menuID=178"
casilegge_b3c4e0bcd5ea4ec640ec7344509eb3d7,casilegge_2b9457eb6a7f6b7f9679b2991c008ef1,Undirected,22,,2.0,Row number,2,http://illinoislawreview.org/wp-content/ilr-content/articles/2009/3/Lewis.pdf | http://ncjolt.org/wp-content/uploads/2013/01/14_Riedy_Final.pdf
casilegge_b3c4e0bcd5ea4ec640ec7344509eb3d7,casilegge_e1cf357b0be887c30128304bc1670a96,Undirected,23,,1.0,Row number,1,http://illinoislawreview.org/wp-content/ilr-content/articles/2009/3/Lewis.pdf
casilegge_b3c4e0bcd5ea4ec640ec7344509eb3d7,casilegge_0208184b7d45c68678af46da59a8ae48,Undirected,24,,1.0,Row number,1,http://illinoislawreview.org/wp-content/ilr-content/articles/2009/3/Lewis.pdf
casilegge_b3c4e0bcd5ea4ec640ec7344509eb3d7,casilegge_5eb44c7dcd8d438eda3e0d3b6cfc9e0d,Undirected,25,,1.0,Row number,1,"http://www.netsafe.org.nz/keeping_safe.php?pageID=178&amp,sectionID=Library&amp,menuID=178"
casilegge_b3c4e0bcd5ea4ec640ec7344509eb3d7,casilegge_8522761b063a8c324a676a86c04dac86,Undirected,26,,1.0,Row number,1,http://ncjolt.org/wp-content/uploads/2013/01/14_Riedy_Final.pdf
casilegge_b3c4e0bcd5ea4ec640ec7344509eb3d7,casilegge_e1eead1871d1ae786456ea8cdb37dbc0,Undirected,27,,1.0,Row number,1,http://illinoislawreview.org/wp-content/ilr-content/articles/2009/3/Lewis.pdf
casilegge_b3c4e0bcd5ea4ec640ec7344509eb3d7,casilegge_2889adb0a8b179400a587fbbd5926102,Undirected,28,,1.0,Row number,1,"http://www.netsafe.org.nz/keeping_safe.php?pageID=178&amp,sectionID=Library&amp,menuID=178"
casilegge_b3c4e0bcd5ea4ec640ec7344509eb3d7,casilegge_c23091ef128fc1bb1fe3482f985196dd,Undirected,29,,1.0,Row number,1,http://ncjolt.org/wp-content/uploads/2013/01/14_Riedy_Final.pdf
casilegge_9683c5582f3df5e81997c5ccfdeb70f3,casilegge_3d4c3bcebd84410be285408e73717572,Undirected,30,,1.0,Row number,1,"http://scholarship.shu.edu/cgi/viewcontent.cgi?article=1179&amp,context=student_scholarship"
casilegge_9683c5582f3df5e81997c5ccfdeb70f3,casilegge_e1cf357b0be887c30128304bc1670a96,Undirected,31,,1.0,Row number,1,"http://scholarship.shu.edu/cgi/viewcontent.cgi?article=1179&amp,context=student_scholarship"
casilegge_9683c5582f3df5e81997c5ccfdeb70f3,casilegge_d212eb44003c9b366992827e334f19b8,Undirected,32,,1.0,Row number,1,"http://scholarship.shu.edu/cgi/viewcontent.cgi?article=1179&amp,context=student_scholarship"
casilegge_9683c5582f3df5e81997c5ccfdeb70f3,casilegge_38f76d6f1287b90f45a06f4df9a5882a,Undirected,33,,1.0,Row number,1,"http://scholarship.shu.edu/cgi/viewcontent.cgi?article=1179&amp,context=student_scholarship"
casilegge_9683c5582f3df5e81997c5ccfdeb70f3,casilegge_037016c1db2a1ce4495ea8e916d37b40,Undirected,34,,1.0,Row number,1,"http://scholarship.shu.edu/cgi/viewcontent.cgi?article=1179&amp,context=student_scholarship"
casilegge_9683c5582f3df5e81997c5ccfdeb70f3,casilegge_8522761b063a8c324a676a86c04dac86,Undirected,35,,1.0,Row number,1,"http://scholarship.shu.edu/cgi/viewcontent.cgi?article=1179&amp,context=student_scholarship"
casilegge_9683c5582f3df5e81997c5ccfdeb70f3,casilegge_5e8a5709f662f8d401f7a00e6137f9ca,Undirected,36,,1.0,Row number,1,"http://scholarship.shu.edu/cgi/viewcontent.cgi?article=1179&amp,context=student_scholarship"
casilegge_9683c5582f3df5e81997c5ccfdeb70f3,casilegge_84314f01e87cb656ba5f382d22d85134,Undirected,37,,1.0,Row number,1,"http://scholarship.shu.edu/cgi/viewcontent.cgi?article=1179&amp,context=student_scholarship"
casilegge_9683c5582f3df5e81997c5ccfdeb70f3,casilegge_b73c2d22763d1ce2143a3755c1d0ad3a,Undirected,38,,1.0,Row number,1,"http://scholarship.shu.edu/cgi/viewcontent.cgi?article=1179&amp,context=student_scholarship"
casilegge_9683c5582f3df5e81997c5ccfdeb70f3,casilegge_60e78c433af4da601c7fb7efbab51b6e,Undirected,39,,1.0,Row number,1,"http://scholarship.shu.edu/cgi/viewcontent.cgi?article=1179&amp,context=student_scholarship"
casilegge_ac980328a6a0984ca108d47a2920d933,casilegge_13e1e93ea9b2433e87f8ed435933a62c,Undirected,40,,1.0,Row number,1,http://groups.csail.mit.edu/mac/classes/6.805/student-papers/fall95-papers/rigby-anonymity.html
casilegge_ac980328a6a0984ca108d47a2920d933,casilegge_e1cf357b0be887c30128304bc1670a96,Undirected,41,,1.0,Row number,1,http://groups.csail.mit.edu/mac/classes/6.805/student-papers/fall95-papers/rigby-anonymity.html
casilegge_e6f401534f9d9e283dbb36e1f6634dcd,casilegge_5ed33f7008771c9d49e3716aeaeca581,Undirected,42,,1.0,Row number,1,http://www.publications.parliament.uk/pa/ld201415/ldselect/ldcomuni/37/3704.htm
casilegge_e6f401534f9d9e283dbb36e1f6634dcd,casilegge_26cae7718c32180a7a0f8e19d6d40a59,Undirected,43,,1.0,Row number,1,http://www.publications.parliament.uk/pa/ld201415/ldselect/ldcomuni/37/3704.htm
casilegge_e6f401534f9d9e283dbb36e1f6634dcd,casilegge_b73c2d22763d1ce2143a3755c1d0ad3a,Undirected,44,,1.0,Row number,1,http://www.publications.parliament.uk/pa/ld201415/ldselect/ldcomuni/37/3704.htm
casilegge_c4d7389c9a3547d54daa5aa65ead6275,casilegge_8f212eb23ade3517a01d6928c8ca75bd,Undirected,45,,1.0,Row number,1,https://www.supremecourt.uk/docs/speech-140930.pdf
casilegge_c4d7389c9a3547d54daa5aa65ead6275,casilegge_056145d89949a57daa63e49afc50e81a,Undirected,46,,1.0,Row number,1,https://www.supremecourt.uk/docs/speech-140930.pdf
casilegge_c4d7389c9a3547d54daa5aa65ead6275,casilegge_a0bfd91212d4e8ba38c848ff45ef89fd,Undirected,47,,1.0,Row number,1,https://www.supremecourt.uk/docs/speech-140930.pdf
casilegge_c4d7389c9a3547d54daa5aa65ead6275,casilegge_037016c1db2a1ce4495ea8e916d37b40,Undirected,48,,1.0,Row number,1,https://www.supremecourt.uk/docs/speech-140930.pdf
casilegge_c4d7389c9a3547d54daa5aa65ead6275,casilegge_576a14743bf1228f2ae427f8f4c5fd1d,Undirected,49,,1.0,Row number,1,https://www.supremecourt.uk/docs/speech-140930.pdf
casilegge_c4d7389c9a3547d54daa5aa65ead6275,casilegge_6f5df8581db7ac10a56dd8ffe95ba4a1,Undirected,50,,1.0,Row number,1,https://www.supremecourt.uk/docs/speech-140930.pdf
casilegge_c4d7389c9a3547d54daa5aa65ead6275,casilegge_b73c2d22763d1ce2143a3755c1d0ad3a,Undirected,51,,1.0,Row number,1,https://www.supremecourt.uk/docs/speech-140930.pdf
casilegge_c4d7389c9a3547d54daa5aa65ead6275,casilegge_a4a50e8c1a2bd5fefd37db18c2fd58ee,Undirected,52,,1.0,Row number,1,https://www.supremecourt.uk/docs/speech-140930.pdf
casilegge_c4d7389c9a3547d54daa5aa65ead6275,casilegge_749ab3b68632680660d776891751e812,Undirected,53,,1.0,Row number,1,https://www.supremecourt.uk/docs/speech-140930.pdf
casilegge_5ed33f7008771c9d49e3716aeaeca581,casilegge_26cae7718c32180a7a0f8e19d6d40a59,Undirected,54,,1.0,Row number,1,http://www.publications.parliament.uk/pa/ld201415/ldselect/ldcomuni/37/3704.htm
casilegge_5ed33f7008771c9d49e3716aeaeca581,casilegge_b73c2d22763d1ce2143a3755c1d0ad3a,Undirected,55,,1.0,Row number,1,http://www.publications.parliament.uk/pa/ld201415/ldselect/ldcomuni/37/3704.htm
casilegge_c759bc29fda4c01294b25ccc35ae3560,casilegge_26cae7718c32180a7a0f8e19d6d40a59,Undirected,56,,1.0,Row number,1,http://www.choice.com.au/media-and-news/consumer-news/news/right-to-anonymity-under-new-laws.aspx
casilegge_c759bc29fda4c01294b25ccc35ae3560,casilegge_b76a370a2f1a0a5017b053a36ed8d591,Undirected,57,,1.0,Row number,1,http://www.choice.com.au/media-and-news/consumer-news/news/right-to-anonymity-under-new-laws.aspx
casilegge_c759bc29fda4c01294b25ccc35ae3560,casilegge_ba9bf05693b9fa202d922dd43a08f281,Undirected,58,,1.0,Row number,1,http://www.choice.com.au/media-and-news/consumer-news/news/right-to-anonymity-under-new-laws.aspx
casilegge_8f212eb23ade3517a01d6928c8ca75bd,casilegge_056145d89949a57daa63e49afc50e81a,Undirected,59,,1.0,Row number,1,https://www.supremecourt.uk/docs/speech-140930.pdf
casilegge_8f212eb23ade3517a01d6928c8ca75bd,casilegge_a0bfd91212d4e8ba38c848ff45ef89fd,Undirected,60,,1.0,Row number,1,https://www.supremecourt.uk/docs/speech-140930.pdf
casilegge_8f212eb23ade3517a01d6928c8ca75bd,casilegge_037016c1db2a1ce4495ea8e916d37b40,Undirected,61,,1.0,Row number,1,https://www.supremecourt.uk/docs/speech-140930.pdf
casilegge_8f212eb23ade3517a01d6928c8ca75bd,casilegge_576a14743bf1228f2ae427f8f4c5fd1d,Undirected,62,,1.0,Row number,1,https://www.supremecourt.uk/docs/speech-140930.pdf
casilegge_8f212eb23ade3517a01d6928c8ca75bd,casilegge_6f5df8581db7ac10a56dd8ffe95ba4a1,Undirected,63,,1.0,Row number,1,https://www.supremecourt.uk/docs/speech-140930.pdf
casilegge_8f212eb23ade3517a01d6928c8ca75bd,casilegge_b73c2d22763d1ce2143a3755c1d0ad3a,Undirected,64,,1.0,Row number,1,https://www.supremecourt.uk/docs/speech-140930.pdf
casilegge_8f212eb23ade3517a01d6928c8ca75bd,casilegge_a4a50e8c1a2bd5fefd37db18c2fd58ee,Undirected,65,,1.0,Row number,1,https://www.supremecourt.uk/docs/speech-140930.pdf
casilegge_8f212eb23ade3517a01d6928c8ca75bd,casilegge_749ab3b68632680660d776891751e812,Undirected,66,,1.0,Row number,1,https://www.supremecourt.uk/docs/speech-140930.pdf
casilegge_267ca3a3245caf823bb461497586a405,casilegge_4f500a65766167c5adbd34acb0597608,Undirected,67,,1.0,Row number,1,http://panampost.com/belen-marty/2014/08/21/brazil-judge-rules-anonymous-apps-unconstitutional/
casilegge_6c19eaf06785ed092744155127cfbd3c,casilegge_3176f5bdbde8e3eb7f677bbbf3450d59,Undirected,68,,1.0,Row number,1,http://www.lawnow.org/unmasking-bullies-on-the-internet/
casilegge_6c19eaf06785ed092744155127cfbd3c,casilegge_be0254ee703300da12b675c019ee2bbb,Undirected,69,,1.0,Row number,1,http://www.lawnow.org/unmasking-bullies-on-the-internet/
casilegge_6c19eaf06785ed092744155127cfbd3c,casilegge_3587b02d4edd79d3a4df4c0031cfd061,Undirected,70,,1.0,Row number,1,http://www.lawnow.org/unmasking-bullies-on-the-internet/
casilegge_6c19eaf06785ed092744155127cfbd3c,casilegge_cac81601c63cc9de9b2062c06ba36684,Undirected,71,,1.0,Row number,1,http://www.lawnow.org/unmasking-bullies-on-the-internet/
casilegge_6c19eaf06785ed092744155127cfbd3c,casilegge_f9ddeb00dd0f89933756d72559b0354d,Undirected,72,,1.0,Row number,1,http://www.lawnow.org/unmasking-bullies-on-the-internet/
casilegge_056145d89949a57daa63e49afc50e81a,casilegge_a0bfd91212d4e8ba38c848ff45ef89fd,Undirected,73,,1.0,Row number,1,https://www.supremecourt.uk/docs/speech-140930.pdf
casilegge_056145d89949a57daa63e49afc50e81a,casilegge_037016c1db2a1ce4495ea8e916d37b40,Undirected,74,,1.0,Row number,1,https://www.supremecourt.uk/docs/speech-140930.pdf
casilegge_056145d89949a57daa63e49afc50e81a,casilegge_576a14743bf1228f2ae427f8f4c5fd1d,Undirected,75,,1.0,Row number,1,https://www.supremecourt.uk/docs/speech-140930.pdf
casilegge_056145d89949a57daa63e49afc50e81a,casilegge_6f5df8581db7ac10a56dd8ffe95ba4a1,Undirected,76,,1.0,Row number,1,https://www.supremecourt.uk/docs/speech-140930.pdf
casilegge_056145d89949a57daa63e49afc50e81a,casilegge_b73c2d22763d1ce2143a3755c1d0ad3a,Undirected,77,,1.0,Row number,1,https://www.supremecourt.uk/docs/speech-140930.pdf
casilegge_056145d89949a57daa63e49afc50e81a,casilegge_a4a50e8c1a2bd5fefd37db18c2fd58ee,Undirected,78,,1.0,Row number,1,https://www.supremecourt.uk/docs/speech-140930.pdf
casilegge_056145d89949a57daa63e49afc50e81a,casilegge_749ab3b68632680660d776891751e812,Undirected,79,,1.0,Row number,1,https://www.supremecourt.uk/docs/speech-140930.pdf
casilegge_ffc760d4bb3bbda9083fe20d53b6cf86,casilegge_d9602947c813ec4a6b90ef81db7f6de4,Undirected,80,,1.0,Row number,1,http://www.definetheline.ca/index.php/law-policy/503-should-online-anonymity-be-outlawed
casilegge_13e1e93ea9b2433e87f8ed435933a62c,casilegge_e1cf357b0be887c30128304bc1670a96,Undirected,81,,1.0,Row number,1,http://groups.csail.mit.edu/mac/classes/6.805/student-papers/fall95-papers/rigby-anonymity.html
casilegge_426fc3dcb61c7b046e57b4695059c4c3,casilegge_26cae7718c32180a7a0f8e19d6d40a59,Undirected,82,,1.0,Row number,1,http://www.bbc.co.uk/news/magazine-14898564
casilegge_426fc3dcb61c7b046e57b4695059c4c3,casilegge_e1cf357b0be887c30128304bc1670a96,Undirected,83,,1.0,Row number,1,http://www.bbc.co.uk/news/magazine-14898564
casilegge_426fc3dcb61c7b046e57b4695059c4c3,casilegge_c822c1b63853ed273b89687ac505f9fa,Undirected,84,,1.0,Row number,1,http://www.bbc.co.uk/news/magazine-14898564
casilegge_426fc3dcb61c7b046e57b4695059c4c3,casilegge_028258954b4e6dff3910723a436854e2,Undirected,85,,1.0,Row number,1,http://www.bbc.co.uk/news/magazine-14898564
casilegge_426fc3dcb61c7b046e57b4695059c4c3,casilegge_b8852643f4c92604b962f252560c29ec,Undirected,86,,1.0,Row number,1,http://www.bbc.co.uk/news/magazine-14898564
casilegge_426fc3dcb61c7b046e57b4695059c4c3,casilegge_e34a859935f9cdb69e41842149d8d92e,Undirected,87,,1.0,Row number,1,http://www.bbc.co.uk/news/magazine-14898564
casilegge_426fc3dcb61c7b046e57b4695059c4c3,casilegge_f8df484de510e173e034c04c5e0c33f0,Undirected,88,,1.0,Row number,1,http://www.bbc.co.uk/news/magazine-14898564
casilegge_426fc3dcb61c7b046e57b4695059c4c3,casilegge_b73c2d22763d1ce2143a3755c1d0ad3a,Undirected,89,,1.0,Row number,1,http://www.bbc.co.uk/news/magazine-14898564
casilegge_5c9f070079f947e5abd8b1166051024a,casilegge_06790a7fba54119261b47711c7f01c6d,Undirected,90,,1.0,Row number,1,http://www.ifla.org/files/assets/faife/publications/ife03.pdf
casilegge_5c9f070079f947e5abd8b1166051024a,casilegge_59db530f26192b7d3d65e5358a80943a,Undirected,91,,1.0,Row number,1,http://www.ifla.org/files/assets/faife/publications/ife03.pdf
casilegge_5c9f070079f947e5abd8b1166051024a,casilegge_456ed07a83fa40410119dd3755bca40d,Undirected,92,,1.0,Row number,1,http://www.ifla.org/files/assets/faife/publications/ife03.pdf
casilegge_34d35b2554e1994e5a2202f8e1aa54d0,casilegge_3d4c3bcebd84410be285408e73717572,Undirected,93,,1.0,Row number,1,http://illinoislawreview.org/wp-content/ilr-content/articles/2009/3/Lewis.pdf
casilegge_34d35b2554e1994e5a2202f8e1aa54d0,casilegge_2b9457eb6a7f6b7f9679b2991c008ef1,Undirected,94,,1.0,Row number,1,http://illinoislawreview.org/wp-content/ilr-content/articles/2009/3/Lewis.pdf
casilegge_34d35b2554e1994e5a2202f8e1aa54d0,casilegge_6162c2dbfb496c03ea55cc28352415b3,Undirected,95,,1.0,Row number,1,"http://scholarship.law.duke.edu/cgi/viewcontent.cgi?article=1203&amp,context=dltr"
casilegge_34d35b2554e1994e5a2202f8e1aa54d0,casilegge_051c17e0e2d4985e82cada14343b31b4,Undirected,96,,1.0,Row number,1,"http://scholarship.law.duke.edu/cgi/viewcontent.cgi?article=1203&amp,context=dltr"
casilegge_34d35b2554e1994e5a2202f8e1aa54d0,casilegge_e1cf357b0be887c30128304bc1670a96,Undirected,97,,2.0,Row number,2,"http://illinoislawreview.org/wp-content/ilr-content/articles/2009/3/Lewis.pdf | http://scholarship.law.duke.edu/cgi/viewcontent.cgi?article=1203&amp,context=dltr"
casilegge_34d35b2554e1994e5a2202f8e1aa54d0,casilegge_0208184b7d45c68678af46da59a8ae48,Undirected,98,,1.0,Row number,1,http://illinoislawreview.org/wp-content/ilr-content/articles/2009/3/Lewis.pdf
casilegge_34d35b2554e1994e5a2202f8e1aa54d0,casilegge_e1eead1871d1ae786456ea8cdb37dbc0,Undirected,99,,1.0,Row number,1,http://illinoislawreview.org/wp-content/ilr-content/articles/2009/3/Lewis.pdf
casilegge_34d35b2554e1994e5a2202f8e1aa54d0,casilegge_ced25ec4be6cf6602aac586d4b957c15,Undirected,100,,1.0,Row number,1,"http://scholarship.law.duke.edu/cgi/viewcontent.cgi?article=1203&amp,context=dltr"
casilegge_34d35b2554e1994e5a2202f8e1aa54d0,casilegge_740032cddca4231c35f691047507232d,Undirected,101,,1.0,Row number,1,"http://scholarship.law.duke.edu/cgi/viewcontent.cgi?article=1203&amp,context=dltr"
casilegge_3176f5bdbde8e3eb7f677bbbf3450d59,casilegge_be0254ee703300da12b675c019ee2bbb,Undirected,102,,1.0,Row number,1,http://www.lawnow.org/unmasking-bullies-on-the-internet/
casilegge_3176f5bdbde8e3eb7f677bbbf3450d59,casilegge_3587b02d4edd79d3a4df4c0031cfd061,Undirected,103,,1.0,Row number,1,http://www.lawnow.org/unmasking-bullies-on-the-internet/
casilegge_3176f5bdbde8e3eb7f677bbbf3450d59,casilegge_cac81601c63cc9de9b2062c06ba36684,Undirected,104,,1.0,Row number,1,http://www.lawnow.org/unmasking-bullies-on-the-internet/
casilegge_3176f5bdbde8e3eb7f677bbbf3450d59,casilegge_f9ddeb00dd0f89933756d72559b0354d,Undirected,105,,1.0,Row number,1,http://www.lawnow.org/unmasking-bullies-on-the-internet/
casilegge_be0254ee703300da12b675c019ee2bbb,casilegge_3587b02d4edd79d3a4df4c0031cfd061,Undirected,106,,1.0,Row number,1,http://www.lawnow.org/unmasking-bullies-on-the-internet/
casilegge_be0254ee703300da12b675c019ee2bbb,casilegge_cac81601c63cc9de9b2062c06ba36684,Undirected,107,,1.0,Row number,1,http://www.lawnow.org/unmasking-bullies-on-the-internet/
casilegge_be0254ee703300da12b675c019ee2bbb,casilegge_f9ddeb00dd0f89933756d72559b0354d,Undirected,108,,1.0,Row number,1,http://www.lawnow.org/unmasking-bullies-on-the-internet/
casilegge_ce0e4caef571d1713d4db20eab24bda0,casilegge_488216fa44136c0e649bb5f37ee27df7,Undirected,109,,1.0,Row number,1,http://www.psw.ugent.be/Cms_global/uploads/publicaties/dv/05recente_publicaties/Anonymity.Voorhoof.editedjuly2010.pdf
casilegge_ce0e4caef571d1713d4db20eab24bda0,casilegge_9385d176957aec01cbfe21a52a792e05,Undirected,110,,1.0,Row number,1,http://www.psw.ugent.be/Cms_global/uploads/publicaties/dv/05recente_publicaties/Anonymity.Voorhoof.editedjuly2010.pdf
casilegge_ae511953b928454793a1aeb03c8837d1,casilegge_26cae7718c32180a7a0f8e19d6d40a59,Undirected,111,,1.0,Row number,1,http://ukconstitutionallaw.org/2012/11/06/paul-bernal-internet-anonymity-a-very-british-dilemma/
casilegge_ae511953b928454793a1aeb03c8837d1,casilegge_2203723c97723601239582cebef0dd6e,Undirected,112,,1.0,Row number,1,http://ukconstitutionallaw.org/2012/11/06/paul-bernal-internet-anonymity-a-very-british-dilemma/
casilegge_06790a7fba54119261b47711c7f01c6d,casilegge_59db530f26192b7d3d65e5358a80943a,Undirected,113,,1.0,Row number,1,http://www.ifla.org/files/assets/faife/publications/ife03.pdf
casilegge_06790a7fba54119261b47711c7f01c6d,casilegge_456ed07a83fa40410119dd3755bca40d,Undirected,114,,1.0,Row number,1,http://www.ifla.org/files/assets/faife/publications/ife03.pdf
casilegge_1b2c254415c84547f22655a0bf959cd9,casilegge_9285739902b3dbfd4e2cebcff9e254c6,Undirected,115,,1.0,Row number,1,http://resources.infosecinstitute.com/online-defamation-k-cyber-libel-pertains-contemporary-legal-systems/
casilegge_1b2c254415c84547f22655a0bf959cd9,casilegge_8522761b063a8c324a676a86c04dac86,Undirected,116,,1.0,Row number,1,http://resources.infosecinstitute.com/online-defamation-k-cyber-libel-pertains-contemporary-legal-systems/
casilegge_1b2c254415c84547f22655a0bf959cd9,casilegge_7c3eb42b213302a472b0a9ac79fa39f9,Undirected,117,,1.0,Row number,1,http://www.wired.co.uk/news/archive/2013-10/14/european-courts-privacy-ruling
casilegge_1b2c254415c84547f22655a0bf959cd9,casilegge_d9602947c813ec4a6b90ef81db7f6de4,Undirected,118,,1.0,Row number,1,http://resources.infosecinstitute.com/online-defamation-k-cyber-libel-pertains-contemporary-legal-systems/
casilegge_1b2c254415c84547f22655a0bf959cd9,casilegge_ee6255b4abf82918552c7d79f4618665,Undirected,119,,1.0,Row number,1,http://resources.infosecinstitute.com/online-defamation-k-cyber-libel-pertains-contemporary-legal-systems/
casilegge_3d4c3bcebd84410be285408e73717572,casilegge_2b9457eb6a7f6b7f9679b2991c008ef1,Undirected,120,,2.0,Row number,2,http://illinoislawreview.org/wp-content/ilr-content/articles/2009/3/Lewis.pdf | http://www.forbes.com/sites/johnvillasenor/2014/02/07/when-should-the-authors-of-anonymous-online-reviews-be-revealed-yelp-challenges-a-court-unmasking-order/
casilegge_3d4c3bcebd84410be285408e73717572,casilegge_3546ce0a30f4f58f7ddc738794468c89,Undirected,121,,1.0,Row number,1,http://digitalfreedoms.idebate.org/node/60810
casilegge_3d4c3bcebd84410be285408e73717572,casilegge_26cae7718c32180a7a0f8e19d6d40a59,Undirected,122,,1.0,Row number,1,http://digitalfreedoms.idebate.org/node/60810
casilegge_3d4c3bcebd84410be285408e73717572,casilegge_e1cf357b0be887c30128304bc1670a96,Undirected,123,,2.0,Row number,2,"http://illinoislawreview.org/wp-content/ilr-content/articles/2009/3/Lewis.pdf | http://scholarship.shu.edu/cgi/viewcontent.cgi?article=1179&amp,context=student_scholarship"
casilegge_3d4c3bcebd84410be285408e73717572,casilegge_0208184b7d45c68678af46da59a8ae48,Undirected,124,,1.0,Row number,1,http://illinoislawreview.org/wp-content/ilr-content/articles/2009/3/Lewis.pdf
casilegge_3d4c3bcebd84410be285408e73717572,casilegge_d212eb44003c9b366992827e334f19b8,Undirected,125,,1.0,Row number,1,"http://scholarship.shu.edu/cgi/viewcontent.cgi?article=1179&amp,context=student_scholarship"
casilegge_3d4c3bcebd84410be285408e73717572,casilegge_38f76d6f1287b90f45a06f4df9a5882a,Undirected,126,,1.0,Row number,1,"http://scholarship.shu.edu/cgi/viewcontent.cgi?article=1179&amp,context=student_scholarship"
casilegge_3d4c3bcebd84410be285408e73717572,casilegge_5eb44c7dcd8d438eda3e0d3b6cfc9e0d,Undirected,127,,1.0,Row number,1,"http://www.netsafe.org.nz/keeping_safe.php?pageID=178&amp,sectionID=Library&amp,menuID=178"
casilegge_3d4c3bcebd84410be285408e73717572,casilegge_037016c1db2a1ce4495ea8e916d37b40,Undirected,128,,1.0,Row number,1,"http://scholarship.shu.edu/cgi/viewcontent.cgi?article=1179&amp,context=student_scholarship"
casilegge_3d4c3bcebd84410be285408e73717572,casilegge_8522761b063a8c324a676a86c04dac86,Undirected,129,,1.0,Row number,1,"http://scholarship.shu.edu/cgi/viewcontent.cgi?article=1179&amp,context=student_scholarship"
casilegge_3d4c3bcebd84410be285408e73717572,casilegge_e1eead1871d1ae786456ea8cdb37dbc0,Undirected,130,,1.0,Row number,1,http://illinoislawreview.org/wp-content/ilr-content/articles/2009/3/Lewis.pdf
casilegge_3d4c3bcebd84410be285408e73717572,casilegge_2889adb0a8b179400a587fbbd5926102,Undirected,131,,1.0,Row number,1,"http://www.netsafe.org.nz/keeping_safe.php?pageID=178&amp,sectionID=Library&amp,menuID=178"
casilegge_3d4c3bcebd84410be285408e73717572,casilegge_5e8a5709f662f8d401f7a00e6137f9ca,Undirected,132,,1.0,Row number,1,"http://scholarship.shu.edu/cgi/viewcontent.cgi?article=1179&amp,context=student_scholarship"
casilegge_3d4c3bcebd84410be285408e73717572,casilegge_84314f01e87cb656ba5f382d22d85134,Undirected,133,,1.0,Row number,1,"http://scholarship.shu.edu/cgi/viewcontent.cgi?article=1179&amp,context=student_scholarship"
casilegge_3d4c3bcebd84410be285408e73717572,casilegge_b73c2d22763d1ce2143a3755c1d0ad3a,Undirected,134,,1.0,Row number,1,"http://scholarship.shu.edu/cgi/viewcontent.cgi?article=1179&amp,context=student_scholarship"
casilegge_3d4c3bcebd84410be285408e73717572,casilegge_60e78c433af4da601c7fb7efbab51b6e,Undirected,135,,1.0,Row number,1,"http://scholarship.shu.edu/cgi/viewcontent.cgi?article=1179&amp,context=student_scholarship"
casilegge_3d4c3bcebd84410be285408e73717572,casilegge_e35a1d26840300b6958dfa82ac52fdbf,Undirected,136,,1.0,Row number,1,http://www.forbes.com/sites/johnvillasenor/2014/02/07/when-should-the-authors-of-anonymous-online-reviews-be-revealed-yelp-challenges-a-court-unmasking-order/
casilegge_2b9457eb6a7f6b7f9679b2991c008ef1,casilegge_e1cf357b0be887c30128304bc1670a96,Undirected,137,,1.0,Row number,1,http://illinoislawreview.org/wp-content/ilr-content/articles/2009/3/Lewis.pdf
casilegge_2b9457eb6a7f6b7f9679b2991c008ef1,casilegge_0208184b7d45c68678af46da59a8ae48,Undirected,138,,1.0,Row number,1,http://illinoislawreview.org/wp-content/ilr-content/articles/2009/3/Lewis.pdf
casilegge_2b9457eb6a7f6b7f9679b2991c008ef1,casilegge_8522761b063a8c324a676a86c04dac86,Undirected,139,,1.0,Row number,1,http://ncjolt.org/wp-content/uploads/2013/01/14_Riedy_Final.pdf
casilegge_2b9457eb6a7f6b7f9679b2991c008ef1,casilegge_e1eead1871d1ae786456ea8cdb37dbc0,Undirected,140,,1.0,Row number,1,http://illinoislawreview.org/wp-content/ilr-content/articles/2009/3/Lewis.pdf
casilegge_2b9457eb6a7f6b7f9679b2991c008ef1,casilegge_c23091ef128fc1bb1fe3482f985196dd,Undirected,141,,1.0,Row number,1,http://ncjolt.org/wp-content/uploads/2013/01/14_Riedy_Final.pdf
casilegge_2b9457eb6a7f6b7f9679b2991c008ef1,casilegge_e35a1d26840300b6958dfa82ac52fdbf,Undirected,142,,1.0,Row number,1,http://www.forbes.com/sites/johnvillasenor/2014/02/07/when-should-the-authors-of-anonymous-online-reviews-be-revealed-yelp-challenges-a-court-unmasking-order/
casilegge_fdb8d161bbb36e75e032c71e07432cbf,casilegge_26cae7718c32180a7a0f8e19d6d40a59,Undirected,143,,1.0,Row number,1,http://repository.law.umich.edu/cgi/viewcontent.cgi?article=1085&context=mjlr
casilegge_fdb8d161bbb36e75e032c71e07432cbf,casilegge_e1cf357b0be887c30128304bc1670a96,Undirected,144,,1.0,Row number,1,http://repository.law.umich.edu/cgi/viewcontent.cgi?article=1085&context=mjlr
casilegge_fdb8d161bbb36e75e032c71e07432cbf,casilegge_8522761b063a8c324a676a86c04dac86,Undirected,145,,1.0,Row number,1,http://repository.law.umich.edu/cgi/viewcontent.cgi?article=1085&context=mjlr
casilegge_fdb8d161bbb36e75e032c71e07432cbf,casilegge_589ca23a7ab33e5a0798a9808dcb5e2e,Undirected,146,,1.0,Row number,1,http://repository.law.umich.edu/cgi/viewcontent.cgi?article=1085&context=mjlr
casilegge_fdb8d161bbb36e75e032c71e07432cbf,casilegge_774a923391d786ea7589adb8d4d8dd59,Undirected,147,,1.0,Row number,1,http://repository.law.umich.edu/cgi/viewcontent.cgi?article=1085&context=mjlr
casilegge_fdb8d161bbb36e75e032c71e07432cbf,casilegge_c23091ef128fc1bb1fe3482f985196dd,Undirected,148,,1.0,Row number,1,http://repository.law.umich.edu/cgi/viewcontent.cgi?article=1085&context=mjlr
casilegge_fdb8d161bbb36e75e032c71e07432cbf,casilegge_11e1753c8bd1530b4ac42b3ca58df92b,Undirected,149,,1.0,Row number,1,http://repository.law.umich.edu/cgi/viewcontent.cgi?article=1085&context=mjlr
casilegge_6162c2dbfb496c03ea55cc28352415b3,casilegge_051c17e0e2d4985e82cada14343b31b4,Undirected,150,,1.0,Row number,1,"http://scholarship.law.duke.edu/cgi/viewcontent.cgi?article=1203&amp,context=dltr"
casilegge_6162c2dbfb496c03ea55cc28352415b3,casilegge_e1cf357b0be887c30128304bc1670a96,Undirected,151,,1.0,Row number,1,"http://scholarship.law.duke.edu/cgi/viewcontent.cgi?article=1203&amp,context=dltr"
casilegge_6162c2dbfb496c03ea55cc28352415b3,casilegge_ced25ec4be6cf6602aac586d4b957c15,Undirected,152,,1.0,Row number,1,"http://scholarship.law.duke.edu/cgi/viewcontent.cgi?article=1203&amp,context=dltr"
casilegge_6162c2dbfb496c03ea55cc28352415b3,casilegge_740032cddca4231c35f691047507232d,Undirected,153,,1.0,Row number,1,"http://scholarship.law.duke.edu/cgi/viewcontent.cgi?article=1203&amp,context=dltr"
casilegge_3546ce0a30f4f58f7ddc738794468c89,casilegge_26cae7718c32180a7a0f8e19d6d40a59,Undirected,154,,1.0,Row number,1,http://digitalfreedoms.idebate.org/node/60810
casilegge_051c17e0e2d4985e82cada14343b31b4,casilegge_e1cf357b0be887c30128304bc1670a96,Undirected,155,,1.0,Row number,1,"http://scholarship.law.duke.edu/cgi/viewcontent.cgi?article=1203&amp,context=dltr"
casilegge_051c17e0e2d4985e82cada14343b31b4,casilegge_ced25ec4be6cf6602aac586d4b957c15,Undirected,156,,1.0,Row number,1,"http://scholarship.law.duke.edu/cgi/viewcontent.cgi?article=1203&amp,context=dltr"
casilegge_051c17e0e2d4985e82cada14343b31b4,casilegge_740032cddca4231c35f691047507232d,Undirected,157,,1.0,Row number,1,"http://scholarship.law.duke.edu/cgi/viewcontent.cgi?article=1203&amp,context=dltr"
casilegge_26cae7718c32180a7a0f8e19d6d40a59,casilegge_e1cf357b0be887c30128304bc1670a96,Undirected,158,,5.0,Row number,5,"http://repository.law.umich.edu/cgi/viewcontent.cgi?article=1085&context=mjlr | http://techliberation.com/2013/06/24/the-constructive-way-to-combat-online-hate-speech-thoughts-on-viral-hate-by-foxman-wolf/ | http://www.bbc.co.uk/news/magazine-14898564 | http://www.tara.tcd.ie/xmlui/bitstream/handle/2262/69853/vogel.pdf?sequence=1&amp,isAllowed=y | http://www.thefire.org/controversy-over-yik-yak-app-shows-the-need-for-more-free-speech-not-less/"
casilegge_26cae7718c32180a7a0f8e19d6d40a59,casilegge_e1f53f2df5c7a2bdc9fb8a57291044c9,Undirected,159,,1.0,Row number,1,http://eaves.ca/2012/09/12/why-banning-anonymous-comments-is-bad-for-postmedia-and-bad-for-society/
casilegge_26cae7718c32180a7a0f8e19d6d40a59,casilegge_0dde532179a6b4afe626062da727eb31,Undirected,160,,1.0,Row number,1,http://en.wikipedia.org/wiki/Troll_%28Internet%29
casilegge_26cae7718c32180a7a0f8e19d6d40a59,casilegge_c822c1b63853ed273b89687ac505f9fa,Undirected,161,,3.0,Row number,3,http://techliberation.com/2013/06/24/the-constructive-way-to-combat-online-hate-speech-thoughts-on-viral-hate-by-foxman-wolf/ | http://www.bbc.co.uk/news/magazine-14898564 | http://www.poynter.org/mediawire/221779/huffington-post-will-end-anonymous-comments/
casilegge_26cae7718c32180a7a0f8e19d6d40a59,casilegge_6b9b8f19c3e117b4d378765d629839b0,Undirected,162,,1.0,Row number,1,http://igmena.org/Anonymity-values-freedom-over-fear
casilegge_26cae7718c32180a7a0f8e19d6d40a59,casilegge_b76a370a2f1a0a5017b053a36ed8d591,Undirected,163,,1.0,Row number,1,http://www.choice.com.au/media-and-news/consumer-news/news/right-to-anonymity-under-new-laws.aspx
casilegge_26cae7718c32180a7a0f8e19d6d40a59,casilegge_d108650fc7efa4ded65653fa4bb5fc80,Undirected,164,,3.0,Row number,3,http://www.cnn.com/2013/08/22/tech/web/huffington-post-anonymous-comments/ | http://www.oakpark.com/Community/Blogs/5-17-2011/The-Cowardice-Of-Anonymous-Posting/ | http://www.poynter.org/mediawire/221779/huffington-post-will-end-anonymous-comments/
casilegge_26cae7718c32180a7a0f8e19d6d40a59,casilegge_a27761f259dfe96cdca526f665d28e0d,Undirected,165,,1.0,Row number,1,http://www.thefire.org/controversy-over-yik-yak-app-shows-the-need-for-more-free-speech-not-less/
casilegge_26cae7718c32180a7a0f8e19d6d40a59,casilegge_8522761b063a8c324a676a86c04dac86,Undirected,166,,2.0,Row number,2,http://repository.law.umich.edu/cgi/viewcontent.cgi?article=1085&context=mjlr | http://www.oakpark.com/Community/Blogs/5-17-2011/The-Cowardice-Of-Anonymous-Posting/
casilegge_26cae7718c32180a7a0f8e19d6d40a59,casilegge_028258954b4e6dff3910723a436854e2,Undirected,167,,1.0,Row number,1,http://www.bbc.co.uk/news/magazine-14898564
casilegge_26cae7718c32180a7a0f8e19d6d40a59,casilegge_589ca23a7ab33e5a0798a9808dcb5e2e,Undirected,168,,1.0,Row number,1,http://repository.law.umich.edu/cgi/viewcontent.cgi?article=1085&context=mjlr
casilegge_26cae7718c32180a7a0f8e19d6d40a59,casilegge_b8852643f4c92604b962f252560c29ec,Undirected,169,,1.0,Row number,1,http://www.bbc.co.uk/news/magazine-14898564
casilegge_26cae7718c32180a7a0f8e19d6d40a59,casilegge_774a923391d786ea7589adb8d4d8dd59,Undirected,170,,1.0,Row number,1,http://repository.law.umich.edu/cgi/viewcontent.cgi?article=1085&context=mjlr
casilegge_26cae7718c32180a7a0f8e19d6d40a59,casilegge_5e8a5709f662f8d401f7a00e6137f9ca,Undirected,171,,1.0,Row number,1,http://eaves.ca/2012/09/12/why-banning-anonymous-comments-is-bad-for-postmedia-and-bad-for-society/
casilegge_26cae7718c32180a7a0f8e19d6d40a59,casilegge_dc54d4678e62010da03e468039cfe826,Undirected,172,,1.0,Row number,1,http://en.wikipedia.org/wiki/Troll_%28Internet%29
casilegge_26cae7718c32180a7a0f8e19d6d40a59,casilegge_e34a859935f9cdb69e41842149d8d92e,Undirected,173,,1.0,Row number,1,http://www.bbc.co.uk/news/magazine-14898564
casilegge_26cae7718c32180a7a0f8e19d6d40a59,casilegge_f8df484de510e173e034c04c5e0c33f0,Undirected,174,,1.0,Row number,1,http://www.bbc.co.uk/news/magazine-14898564
casilegge_26cae7718c32180a7a0f8e19d6d40a59,casilegge_c23091ef128fc1bb1fe3482f985196dd,Undirected,175,,2.0,Row number,2,http://repository.law.umich.edu/cgi/viewcontent.cgi?article=1085&context=mjlr | http://www.thefire.org/controversy-over-yik-yak-app-shows-the-need-for-more-free-speech-not-less/
casilegge_26cae7718c32180a7a0f8e19d6d40a59,casilegge_7194ef805fa2d04b0f7e8c9521f97343,Undirected,176,,1.0,Row number,1,http://cimethics.blogspot.com/2013/09/the-pros-and-cons-of-online-commenting.html
casilegge_26cae7718c32180a7a0f8e19d6d40a59,casilegge_374749e8753e15114eee75aea1546332,Undirected,177,,1.0,Row number,1,http://eaves.ca/2012/09/12/why-banning-anonymous-comments-is-bad-for-postmedia-and-bad-for-society/
casilegge_26cae7718c32180a7a0f8e19d6d40a59,casilegge_7c0b1b361a964c9f5a2c89bec5740412,Undirected,178,,1.0,Row number,1,http://igmena.org/Anonymity-values-freedom-over-fear
casilegge_26cae7718c32180a7a0f8e19d6d40a59,casilegge_b73c2d22763d1ce2143a3755c1d0ad3a,Undirected,179,,8.0,Row number,8,"http://blog.osirra.com/2012/03/10/freedom-of-expression-and-anonymity/ | http://continuations.com/post/100851839340/what-to-do-and-not-about-online-discourse | http://techliberation.com/2013/06/24/the-constructive-way-to-combat-online-hate-speech-thoughts-on-viral-hate-by-foxman-wolf/ | http://www.bbc.co.uk/news/magazine-14898564 | http://www.cnn.com/2013/01/29/tech/social-media/social-number-anonymous/ | http://www.publications.parliament.uk/pa/ld201415/ldselect/ldcomuni/37/3704.htm | http://www.tara.tcd.ie/xmlui/bitstream/handle/2262/69853/vogel.pdf?sequence=1&amp,isAllowed=y | http://www.thefire.org/controversy-over-yik-yak-app-shows-the-need-for-more-free-speech-not-less/"
casilegge_26cae7718c32180a7a0f8e19d6d40a59,casilegge_2203723c97723601239582cebef0dd6e,Undirected,180,,1.0,Row number,1,http://ukconstitutionallaw.org/2012/11/06/paul-bernal-internet-anonymity-a-very-british-dilemma/
casilegge_26cae7718c32180a7a0f8e19d6d40a59,casilegge_4feaf6ef7f71e12c296f0ae82f257c28,Undirected,181,,1.0,Row number,1,"http://www.tara.tcd.ie/xmlui/bitstream/handle/2262/69853/vogel.pdf?sequence=1&amp,isAllowed=y"
casilegge_26cae7718c32180a7a0f8e19d6d40a59,casilegge_241fe8af1e038118cd817048a65f803e,Undirected,182,,1.0,Row number,1,http://www.apc.org/en/blog/u-n-special-rapporteur-calls-upon-states-protect-a
casilegge_26cae7718c32180a7a0f8e19d6d40a59,casilegge_74ed44819aa5bd6221a643d282e30d3e,Undirected,183,,1.0,Row number,1,http://www.thefire.org/controversy-over-yik-yak-app-shows-the-need-for-more-free-speech-not-less/
casilegge_26cae7718c32180a7a0f8e19d6d40a59,casilegge_ba9bf05693b9fa202d922dd43a08f281,Undirected,184,,1.0,Row number,1,http://www.choice.com.au/media-and-news/consumer-news/news/right-to-anonymity-under-new-laws.aspx
casilegge_26cae7718c32180a7a0f8e19d6d40a59,casilegge_11e1753c8bd1530b4ac42b3ca58df92b,Undirected,185,,1.0,Row number,1,http://repository.law.umich.edu/cgi/viewcontent.cgi?article=1085&context=mjlr
casilegge_e1cf357b0be887c30128304bc1670a96,casilegge_0208184b7d45c68678af46da59a8ae48,Undirected,186,,2.0,Row number,2,http://illinoislawreview.org/wp-content/ilr-content/articles/2009/3/Lewis.pdf | http://www.vjolt.net/vol3/issue/vol3_art1.html
casilegge_e1cf357b0be887c30128304bc1670a96,casilegge_c822c1b63853ed273b89687ac505f9fa,Undirected,187,,4.0,Row number,4,http://techliberation.com/2013/06/24/the-constructive-way-to-combat-online-hate-speech-thoughts-on-viral-hate-by-foxman-wolf/ | http://www.bbc.co.uk/news/magazine-14898564 | http://www.bluejersey.com/diary/24870/anonymous-expression-it-helped-to-make-america | http://www.concurringopinions.com/archives/2009/08/skanks-in-new-york-the-first-amendment-and-anonymous-posting-on-the-internet.html
casilegge_e1cf357b0be887c30128304bc1670a96,casilegge_56ca0d4773a92891d2d6418bdb2a6ed5,Undirected,188,,1.0,Row number,1,http://securityaffairs.co/wordpress/6452/intelligence/the-right-to-anonymity-on-internet-and-legal-implications.html
casilegge_e1cf357b0be887c30128304bc1670a96,casilegge_d212eb44003c9b366992827e334f19b8,Undirected,189,,1.0,Row number,1,"http://scholarship.shu.edu/cgi/viewcontent.cgi?article=1179&amp,context=student_scholarship"
casilegge_e1cf357b0be887c30128304bc1670a96,casilegge_38f76d6f1287b90f45a06f4df9a5882a,Undirected,190,,1.0,Row number,1,"http://scholarship.shu.edu/cgi/viewcontent.cgi?article=1179&amp,context=student_scholarship"
casilegge_e1cf357b0be887c30128304bc1670a96,casilegge_2b36d994eefafcfb5622a76ace2e4c53,Undirected,191,,1.0,Row number,1,http://www.firstamendmentcenter.org/new-cyberstalking-law-challenged-over-annoy-language
casilegge_e1cf357b0be887c30128304bc1670a96,casilegge_a27761f259dfe96cdca526f665d28e0d,Undirected,192,,1.0,Row number,1,http://www.thefire.org/controversy-over-yik-yak-app-shows-the-need-for-more-free-speech-not-less/
casilegge_e1cf357b0be887c30128304bc1670a96,casilegge_037016c1db2a1ce4495ea8e916d37b40,Undirected,193,,1.0,Row number,1,"http://scholarship.shu.edu/cgi/viewcontent.cgi?article=1179&amp,context=student_scholarship"
casilegge_e1cf357b0be887c30128304bc1670a96,casilegge_8522761b063a8c324a676a86c04dac86,Undirected,194,,4.0,Row number,4,"http://repository.law.umich.edu/cgi/viewcontent.cgi?article=1085&context=mjlr | http://scholarship.shu.edu/cgi/viewcontent.cgi?article=1179&amp,context=student_scholarship | http://www.bluejersey.com/diary/24870/anonymous-expression-it-helped-to-make-america | http://www.vjolt.net/vol3/issue/vol3_art1.html"
casilegge_e1cf357b0be887c30128304bc1670a96,casilegge_028258954b4e6dff3910723a436854e2,Undirected,195,,1.0,Row number,1,http://www.bbc.co.uk/news/magazine-14898564
casilegge_e1cf357b0be887c30128304bc1670a96,casilegge_589ca23a7ab33e5a0798a9808dcb5e2e,Undirected,196,,1.0,Row number,1,http://repository.law.umich.edu/cgi/viewcontent.cgi?article=1085&context=mjlr
casilegge_e1cf357b0be887c30128304bc1670a96,casilegge_b8852643f4c92604b962f252560c29ec,Undirected,197,,1.0,Row number,1,http://www.bbc.co.uk/news/magazine-14898564
casilegge_e1cf357b0be887c30128304bc1670a96,casilegge_e1eead1871d1ae786456ea8cdb37dbc0,Undirected,198,,2.0,Row number,2,http://illinoislawreview.org/wp-content/ilr-content/articles/2009/3/Lewis.pdf | http://www.vjolt.net/vol3/issue/vol3_art1.html
casilegge_e1cf357b0be887c30128304bc1670a96,casilegge_774a923391d786ea7589adb8d4d8dd59,Undirected,199,,1.0,Row number,1,http://repository.law.umich.edu/cgi/viewcontent.cgi?article=1085&context=mjlr
casilegge_e1cf357b0be887c30128304bc1670a96,casilegge_d9602947c813ec4a6b90ef81db7f6de4,Undirected,200,,1.0,Row number,1,http://www.theglobeandmail.com/news/national/supreme-court-privacy/article19155295/
casilegge_e1cf357b0be887c30128304bc1670a96,casilegge_5e8a5709f662f8d401f7a00e6137f9ca,Undirected,201,,1.0,Row number,1,"http://scholarship.shu.edu/cgi/viewcontent.cgi?article=1179&amp,context=student_scholarship"
casilegge_e1cf357b0be887c30128304bc1670a96,casilegge_593a49d5e9613a5b0b3a2519582c7bba,Undirected,202,,1.0,Row number,1,http://www.firstamendmentcenter.org/new-cyberstalking-law-challenged-over-annoy-language
casilegge_e1cf357b0be887c30128304bc1670a96,casilegge_e34a859935f9cdb69e41842149d8d92e,Undirected,203,,1.0,Row number,1,http://www.bbc.co.uk/news/magazine-14898564
casilegge_e1cf357b0be887c30128304bc1670a96,casilegge_f8df484de510e173e034c04c5e0c33f0,Undirected,204,,1.0,Row number,1,http://www.bbc.co.uk/news/magazine-14898564
casilegge_e1cf357b0be887c30128304bc1670a96,casilegge_c23091ef128fc1bb1fe3482f985196dd,Undirected,205,,2.0,Row number,2,http://repository.law.umich.edu/cgi/viewcontent.cgi?article=1085&context=mjlr | http://www.thefire.org/controversy-over-yik-yak-app-shows-the-need-for-more-free-speech-not-less/
casilegge_e1cf357b0be887c30128304bc1670a96,casilegge_7c0b1b361a964c9f5a2c89bec5740412,Undirected,206,,1.0,Row number,1,http://securityaffairs.co/wordpress/6452/intelligence/the-right-to-anonymity-on-internet-and-legal-implications.html
casilegge_e1cf357b0be887c30128304bc1670a96,casilegge_84314f01e87cb656ba5f382d22d85134,Undirected,207,,1.0,Row number,1,"http://scholarship.shu.edu/cgi/viewcontent.cgi?article=1179&amp,context=student_scholarship"
casilegge_e1cf357b0be887c30128304bc1670a96,casilegge_b73c2d22763d1ce2143a3755c1d0ad3a,Undirected,208,,5.0,Row number,5,"http://scholarship.shu.edu/cgi/viewcontent.cgi?article=1179&amp,context=student_scholarship | http://techliberation.com/2013/06/24/the-constructive-way-to-combat-online-hate-speech-thoughts-on-viral-hate-by-foxman-wolf/ | http://www.bbc.co.uk/news/magazine-14898564 | http://www.tara.tcd.ie/xmlui/bitstream/handle/2262/69853/vogel.pdf?sequence=1&amp,isAllowed=y | http://www.thefire.org/controversy-over-yik-yak-app-shows-the-need-for-more-free-speech-not-less/"
casilegge_e1cf357b0be887c30128304bc1670a96,casilegge_4feaf6ef7f71e12c296f0ae82f257c28,Undirected,209,,1.0,Row number,1,"http://www.tara.tcd.ie/xmlui/bitstream/handle/2262/69853/vogel.pdf?sequence=1&amp,isAllowed=y"
casilegge_e1cf357b0be887c30128304bc1670a96,casilegge_ced25ec4be6cf6602aac586d4b957c15,Undirected,210,,2.0,Row number,2,"http://jonathanturley.org/2012/01/15/the-dhs-wants-to-know-whose-spreading-the-news-or-expressing-an-opinion-your-rights-optional/ | http://scholarship.law.duke.edu/cgi/viewcontent.cgi?article=1203&amp,context=dltr"
casilegge_e1cf357b0be887c30128304bc1670a96,casilegge_3eb9efeecc0aabacbc89909cf0491764,Undirected,211,,1.0,Row number,1,http://www.digitaleyemedia.com/blog/why-online-review-sites-should-not-allow-anonymous-reviews
casilegge_e1cf357b0be887c30128304bc1670a96,casilegge_740032cddca4231c35f691047507232d,Undirected,212,,1.0,Row number,1,"http://scholarship.law.duke.edu/cgi/viewcontent.cgi?article=1203&amp,context=dltr"
casilegge_e1cf357b0be887c30128304bc1670a96,casilegge_60e78c433af4da601c7fb7efbab51b6e,Undirected,213,,1.0,Row number,1,"http://scholarship.shu.edu/cgi/viewcontent.cgi?article=1179&amp,context=student_scholarship"
casilegge_e1cf357b0be887c30128304bc1670a96,casilegge_771c0159ac754c62cdc1c5981d1412f9,Undirected,214,,2.0,Row number,2,http://www.digitaleyemedia.com/blog/why-online-review-sites-should-not-allow-anonymous-reviews
casilegge_e1cf357b0be887c30128304bc1670a96,casilegge_e35a1d26840300b6958dfa82ac52fdbf,Undirected,215,,1.0,Row number,1,http://www.digitaleyemedia.com/blog/why-online-review-sites-should-not-allow-anonymous-reviews
casilegge_e1cf357b0be887c30128304bc1670a96,casilegge_74ed44819aa5bd6221a643d282e30d3e,Undirected,216,,2.0,Row number,2,http://www.jhunewsletter.com/2014/10/23/yik-yak-app-provokes-laughs-and-concerns-98165/ | http://www.thefire.org/controversy-over-yik-yak-app-shows-the-need-for-more-free-speech-not-less/
casilegge_e1cf357b0be887c30128304bc1670a96,casilegge_11e1753c8bd1530b4ac42b3ca58df92b,Undirected,217,,1.0,Row number,1,http://repository.law.umich.edu/cgi/viewcontent.cgi?article=1085&context=mjlr
casilegge_e1f53f2df5c7a2bdc9fb8a57291044c9,casilegge_5e8a5709f662f8d401f7a00e6137f9ca,Undirected,218,,1.0,Row number,1,http://eaves.ca/2012/09/12/why-banning-anonymous-comments-is-bad-for-postmedia-and-bad-for-society/
casilegge_e1f53f2df5c7a2bdc9fb8a57291044c9,casilegge_374749e8753e15114eee75aea1546332,Undirected,219,,1.0,Row number,1,http://eaves.ca/2012/09/12/why-banning-anonymous-comments-is-bad-for-postmedia-and-bad-for-society/
casilegge_0208184b7d45c68678af46da59a8ae48,casilegge_8522761b063a8c324a676a86c04dac86,Undirected,220,,1.0,Row number,1,http://www.vjolt.net/vol3/issue/vol3_art1.html
casilegge_0208184b7d45c68678af46da59a8ae48,casilegge_e1eead1871d1ae786456ea8cdb37dbc0,Undirected,221,,2.0,Row number,2,http://illinoislawreview.org/wp-content/ilr-content/articles/2009/3/Lewis.pdf | http://www.vjolt.net/vol3/issue/vol3_art1.html
casilegge_0dde532179a6b4afe626062da727eb31,casilegge_dc54d4678e62010da03e468039cfe826,Undirected,222,,1.0,Row number,1,http://en.wikipedia.org/wiki/Troll_%28Internet%29
casilegge_75044507ea6f837499859ce8d9e82b15,casilegge_c822c1b63853ed273b89687ac505f9fa,Undirected,223,,1.0,Row number,1,http://www.socialbusinessnews.com/is-there-a-place-for-anonymous-posting-within-internal-communities/
casilegge_75044507ea6f837499859ce8d9e82b15,casilegge_fa5a4660499d36be24f167510540b9cf,Undirected,224,,1.0,Row number,1,http://www.socialbusinessnews.com/is-there-a-place-for-anonymous-posting-within-internal-communities/
casilegge_75044507ea6f837499859ce8d9e82b15,casilegge_ba9bf05693b9fa202d922dd43a08f281,Undirected,225,,1.0,Row number,1,http://www.socialbusinessnews.com/is-there-a-place-for-anonymous-posting-within-internal-communities/
casilegge_c822c1b63853ed273b89687ac505f9fa,casilegge_d108650fc7efa4ded65653fa4bb5fc80,Undirected,228,,1.0,Row number,1,http://www.poynter.org/mediawire/221779/huffington-post-will-end-anonymous-comments/
casilegge_c822c1b63853ed273b89687ac505f9fa,casilegge_8522761b063a8c324a676a86c04dac86,Undirected,229,,1.0,Row number,1,http://www.bluejersey.com/diary/24870/anonymous-expression-it-helped-to-make-america
casilegge_c822c1b63853ed273b89687ac505f9fa,casilegge_028258954b4e6dff3910723a436854e2,Undirected,230,,1.0,Row number,1,http://www.bbc.co.uk/news/magazine-14898564
casilegge_c822c1b63853ed273b89687ac505f9fa,casilegge_b8852643f4c92604b962f252560c29ec,Undirected,231,,1.0,Row number,1,http://www.bbc.co.uk/news/magazine-14898564
casilegge_c822c1b63853ed273b89687ac505f9fa,casilegge_fa5a4660499d36be24f167510540b9cf,Undirected,232,,1.0,Row number,1,http://www.socialbusinessnews.com/is-there-a-place-for-anonymous-posting-within-internal-communities/
casilegge_c822c1b63853ed273b89687ac505f9fa,casilegge_e34a859935f9cdb69e41842149d8d92e,Undirected,233,,1.0,Row number,1,http://www.bbc.co.uk/news/magazine-14898564
casilegge_c822c1b63853ed273b89687ac505f9fa,casilegge_f8df484de510e173e034c04c5e0c33f0,Undirected,234,,1.0,Row number,1,http://www.bbc.co.uk/news/magazine-14898564
casilegge_c822c1b63853ed273b89687ac505f9fa,casilegge_7c0b1b361a964c9f5a2c89bec5740412,Undirected,235,,1.0,Row number,1,https://www.eff.org/deeplinks/2012/01/right-anonymity-matter-privacy
casilegge_c822c1b63853ed273b89687ac505f9fa,casilegge_b73c2d22763d1ce2143a3755c1d0ad3a,Undirected,236,,2.0,Row number,2,http://techliberation.com/2013/06/24/the-constructive-way-to-combat-online-hate-speech-thoughts-on-viral-hate-by-foxman-wolf/ | http://www.bbc.co.uk/news/magazine-14898564
casilegge_c822c1b63853ed273b89687ac505f9fa,casilegge_ba9bf05693b9fa202d922dd43a08f281,Undirected,237,,1.0,Row number,1,http://www.socialbusinessnews.com/is-there-a-place-for-anonymous-posting-within-internal-communities/
casilegge_6b9b8f19c3e117b4d378765d629839b0,casilegge_7c0b1b361a964c9f5a2c89bec5740412,Undirected,226,,1.0,Row number,1,http://igmena.org/Anonymity-values-freedom-over-fear
casilegge_b76a370a2f1a0a5017b053a36ed8d591,casilegge_ba9bf05693b9fa202d922dd43a08f281,Undirected,227,,1.0,Row number,1,http://www.choice.com.au/media-and-news/consumer-news/news/right-to-anonymity-under-new-laws.aspx
casilegge_49364037981c3bea38d80769e160d264,casilegge_8cfe5d8c3688c454fc685d03a7b28b71,Undirected,238,,1.0,Row number,1,http://thenoisychannel.com/2009/08/08/public-expression-liability-and-anonymity
casilegge_49364037981c3bea38d80769e160d264,casilegge_b73c2d22763d1ce2143a3755c1d0ad3a,Undirected,239,,1.0,Row number,1,http://thenoisychannel.com/2009/08/08/public-expression-liability-and-anonymity
casilegge_d108650fc7efa4ded65653fa4bb5fc80,casilegge_028d67231443156dd19d4a17193b1b1e,Undirected,240,,1.0,Row number,1,http://eandt.theiet.org/magazine/2013/09/debate.cfm
casilegge_d108650fc7efa4ded65653fa4bb5fc80,casilegge_8522761b063a8c324a676a86c04dac86,Undirected,241,,1.0,Row number,1,http://www.oakpark.com/Community/Blogs/5-17-2011/The-Cowardice-Of-Anonymous-Posting/
casilegge_d108650fc7efa4ded65653fa4bb5fc80,casilegge_8cfe5d8c3688c454fc685d03a7b28b71,Undirected,242,,1.0,Row number,1,http://www.freerepublic.com/focus/news/3194528/posts
casilegge_d108650fc7efa4ded65653fa4bb5fc80,casilegge_ba94a498f055432ca50dcb44c04a08f1,Undirected,243,,1.0,Row number,1,http://www.freerepublic.com/focus/news/3194528/posts
casilegge_d108650fc7efa4ded65653fa4bb5fc80,casilegge_b73c2d22763d1ce2143a3755c1d0ad3a,Undirected,244,,1.0,Row number,1,http://eandt.theiet.org/magazine/2013/09/debate.cfm
casilegge_d108650fc7efa4ded65653fa4bb5fc80,casilegge_bf822ae3083491047a09edde2498fc66,Undirected,245,,1.0,Row number,1,http://www.freerepublic.com/focus/news/3194528/posts
casilegge_56ca0d4773a92891d2d6418bdb2a6ed5,casilegge_7c0b1b361a964c9f5a2c89bec5740412,Undirected,246,,1.0,Row number,1,http://securityaffairs.co/wordpress/6452/intelligence/the-right-to-anonymity-on-internet-and-legal-implications.html
casilegge_d212eb44003c9b366992827e334f19b8,casilegge_38f76d6f1287b90f45a06f4df9a5882a,Undirected,247,,1.0,Row number,1,"http://scholarship.shu.edu/cgi/viewcontent.cgi?article=1179&amp,context=student_scholarship"
casilegge_d212eb44003c9b366992827e334f19b8,casilegge_037016c1db2a1ce4495ea8e916d37b40,Undirected,248,,1.0,Row number,1,"http://scholarship.shu.edu/cgi/viewcontent.cgi?article=1179&amp,context=student_scholarship"
casilegge_d212eb44003c9b366992827e334f19b8,casilegge_8522761b063a8c324a676a86c04dac86,Undirected,249,,1.0,Row number,1,"http://scholarship.shu.edu/cgi/viewcontent.cgi?article=1179&amp,context=student_scholarship"
casilegge_d212eb44003c9b366992827e334f19b8,casilegge_5e8a5709f662f8d401f7a00e6137f9ca,Undirected,250,,1.0,Row number,1,"http://scholarship.shu.edu/cgi/viewcontent.cgi?article=1179&amp,context=student_scholarship"
casilegge_d212eb44003c9b366992827e334f19b8,casilegge_84314f01e87cb656ba5f382d22d85134,Undirected,251,,1.0,Row number,1,"http://scholarship.shu.edu/cgi/viewcontent.cgi?article=1179&amp,context=student_scholarship"
casilegge_d212eb44003c9b366992827e334f19b8,casilegge_b73c2d22763d1ce2143a3755c1d0ad3a,Undirected,252,,1.0,Row number,1,"http://scholarship.shu.edu/cgi/viewcontent.cgi?article=1179&amp,context=student_scholarship"
casilegge_d212eb44003c9b366992827e334f19b8,casilegge_60e78c433af4da601c7fb7efbab51b6e,Undirected,253,,1.0,Row number,1,"http://scholarship.shu.edu/cgi/viewcontent.cgi?article=1179&amp,context=student_scholarship"
casilegge_faec6fbe3f55eda553591731a4cd22d1,casilegge_93ba06a8b0e3dcb123cec7fd6f34b4ad,Undirected,254,,1.0,Row number,1,http://advocacy.globalvoicesonline.org/2013/01/01/south-korea-perspectives-on-chinese-new-net-control-laws/
casilegge_38f76d6f1287b90f45a06f4df9a5882a,casilegge_037016c1db2a1ce4495ea8e916d37b40,Undirected,255,,1.0,Row number,1,"http://scholarship.shu.edu/cgi/viewcontent.cgi?article=1179&amp,context=student_scholarship"
casilegge_38f76d6f1287b90f45a06f4df9a5882a,casilegge_8522761b063a8c324a676a86c04dac86,Undirected,256,,1.0,Row number,1,"http://scholarship.shu.edu/cgi/viewcontent.cgi?article=1179&amp,context=student_scholarship"
casilegge_38f76d6f1287b90f45a06f4df9a5882a,casilegge_5e8a5709f662f8d401f7a00e6137f9ca,Undirected,257,,1.0,Row number,1,"http://scholarship.shu.edu/cgi/viewcontent.cgi?article=1179&amp,context=student_scholarship"
casilegge_38f76d6f1287b90f45a06f4df9a5882a,casilegge_84314f01e87cb656ba5f382d22d85134,Undirected,258,,1.0,Row number,1,"http://scholarship.shu.edu/cgi/viewcontent.cgi?article=1179&amp,context=student_scholarship"
casilegge_38f76d6f1287b90f45a06f4df9a5882a,casilegge_b73c2d22763d1ce2143a3755c1d0ad3a,Undirected,259,,1.0,Row number,1,"http://scholarship.shu.edu/cgi/viewcontent.cgi?article=1179&amp,context=student_scholarship"
casilegge_38f76d6f1287b90f45a06f4df9a5882a,casilegge_60e78c433af4da601c7fb7efbab51b6e,Undirected,260,,1.0,Row number,1,"http://scholarship.shu.edu/cgi/viewcontent.cgi?article=1179&amp,context=student_scholarship"
casilegge_5eb44c7dcd8d438eda3e0d3b6cfc9e0d,casilegge_2889adb0a8b179400a587fbbd5926102,Undirected,261,,1.0,Row number,1,"http://www.netsafe.org.nz/keeping_safe.php?pageID=178&amp,sectionID=Library&amp,menuID=178"
casilegge_2b36d994eefafcfb5622a76ace2e4c53,casilegge_593a49d5e9613a5b0b3a2519582c7bba,Undirected,262,,1.0,Row number,1,http://www.firstamendmentcenter.org/new-cyberstalking-law-challenged-over-annoy-language
casilegge_59db530f26192b7d3d65e5358a80943a,casilegge_456ed07a83fa40410119dd3755bca40d,Undirected,263,,1.0,Row number,1,http://www.ifla.org/files/assets/faife/publications/ife03.pdf
casilegge_a27761f259dfe96cdca526f665d28e0d,casilegge_c23091ef128fc1bb1fe3482f985196dd,Undirected,264,,1.0,Row number,1,http://www.thefire.org/controversy-over-yik-yak-app-shows-the-need-for-more-free-speech-not-less/
casilegge_a27761f259dfe96cdca526f665d28e0d,casilegge_b73c2d22763d1ce2143a3755c1d0ad3a,Undirected,265,,1.0,Row number,1,http://www.thefire.org/controversy-over-yik-yak-app-shows-the-need-for-more-free-speech-not-less/
casilegge_a27761f259dfe96cdca526f665d28e0d,casilegge_74ed44819aa5bd6221a643d282e30d3e,Undirected,266,,1.0,Row number,1,http://www.thefire.org/controversy-over-yik-yak-app-shows-the-need-for-more-free-speech-not-less/
casilegge_9285739902b3dbfd4e2cebcff9e254c6,casilegge_8522761b063a8c324a676a86c04dac86,Undirected,267,,1.0,Row number,1,http://resources.infosecinstitute.com/online-defamation-k-cyber-libel-pertains-contemporary-legal-systems/
casilegge_9285739902b3dbfd4e2cebcff9e254c6,casilegge_d9602947c813ec4a6b90ef81db7f6de4,Undirected,268,,1.0,Row number,1,http://resources.infosecinstitute.com/online-defamation-k-cyber-libel-pertains-contemporary-legal-systems/
casilegge_9285739902b3dbfd4e2cebcff9e254c6,casilegge_ee6255b4abf82918552c7d79f4618665,Undirected,269,,1.0,Row number,1,http://resources.infosecinstitute.com/online-defamation-k-cyber-libel-pertains-contemporary-legal-systems/
casilegge_a0bfd91212d4e8ba38c848ff45ef89fd,casilegge_037016c1db2a1ce4495ea8e916d37b40,Undirected,270,,1.0,Row number,1,https://www.supremecourt.uk/docs/speech-140930.pdf
casilegge_a0bfd91212d4e8ba38c848ff45ef89fd,casilegge_576a14743bf1228f2ae427f8f4c5fd1d,Undirected,271,,1.0,Row number,1,https://www.supremecourt.uk/docs/speech-140930.pdf
casilegge_a0bfd91212d4e8ba38c848ff45ef89fd,casilegge_6f5df8581db7ac10a56dd8ffe95ba4a1,Undirected,272,,1.0,Row number,1,https://www.supremecourt.uk/docs/speech-140930.pdf
casilegge_a0bfd91212d4e8ba38c848ff45ef89fd,casilegge_b73c2d22763d1ce2143a3755c1d0ad3a,Undirected,273,,1.0,Row number,1,https://www.supremecourt.uk/docs/speech-140930.pdf
casilegge_a0bfd91212d4e8ba38c848ff45ef89fd,casilegge_a4a50e8c1a2bd5fefd37db18c2fd58ee,Undirected,274,,1.0,Row number,1,https://www.supremecourt.uk/docs/speech-140930.pdf
casilegge_a0bfd91212d4e8ba38c848ff45ef89fd,casilegge_749ab3b68632680660d776891751e812,Undirected,275,,1.0,Row number,1,https://www.supremecourt.uk/docs/speech-140930.pdf
casilegge_028d67231443156dd19d4a17193b1b1e,casilegge_b73c2d22763d1ce2143a3755c1d0ad3a,Undirected,276,,1.0,Row number,1,http://eandt.theiet.org/magazine/2013/09/debate.cfm
casilegge_037016c1db2a1ce4495ea8e916d37b40,casilegge_8522761b063a8c324a676a86c04dac86,Undirected,277,,1.0,Row number,1,"http://scholarship.shu.edu/cgi/viewcontent.cgi?article=1179&amp,context=student_scholarship"
casilegge_037016c1db2a1ce4495ea8e916d37b40,casilegge_5e8a5709f662f8d401f7a00e6137f9ca,Undirected,278,,1.0,Row number,1,"http://scholarship.shu.edu/cgi/viewcontent.cgi?article=1179&amp,context=student_scholarship"
casilegge_037016c1db2a1ce4495ea8e916d37b40,casilegge_576a14743bf1228f2ae427f8f4c5fd1d,Undirected,279,,1.0,Row number,1,https://www.supremecourt.uk/docs/speech-140930.pdf
casilegge_037016c1db2a1ce4495ea8e916d37b40,casilegge_6f5df8581db7ac10a56dd8ffe95ba4a1,Undirected,280,,1.0,Row number,1,https://www.supremecourt.uk/docs/speech-140930.pdf
casilegge_037016c1db2a1ce4495ea8e916d37b40,casilegge_84314f01e87cb656ba5f382d22d85134,Undirected,281,,1.0,Row number,1,"http://scholarship.shu.edu/cgi/viewcontent.cgi?article=1179&amp,context=student_scholarship"
casilegge_037016c1db2a1ce4495ea8e916d37b40,casilegge_b73c2d22763d1ce2143a3755c1d0ad3a,Undirected,282,,2.0,Row number,2,"http://scholarship.shu.edu/cgi/viewcontent.cgi?article=1179&amp,context=student_scholarship | https://www.supremecourt.uk/docs/speech-140930.pdf"
casilegge_037016c1db2a1ce4495ea8e916d37b40,casilegge_a4a50e8c1a2bd5fefd37db18c2fd58ee,Undirected,283,,1.0,Row number,1,https://www.supremecourt.uk/docs/speech-140930.pdf
casilegge_037016c1db2a1ce4495ea8e916d37b40,casilegge_60e78c433af4da601c7fb7efbab51b6e,Undirected,284,,1.0,Row number,1,"http://scholarship.shu.edu/cgi/viewcontent.cgi?article=1179&amp,context=student_scholarship"
casilegge_037016c1db2a1ce4495ea8e916d37b40,casilegge_749ab3b68632680660d776891751e812,Undirected,285,,1.0,Row number,1,https://www.supremecourt.uk/docs/speech-140930.pdf
casilegge_8522761b063a8c324a676a86c04dac86,casilegge_589ca23a7ab33e5a0798a9808dcb5e2e,Undirected,286,,1.0,Row number,1,http://repository.law.umich.edu/cgi/viewcontent.cgi?article=1085&context=mjlr
casilegge_8522761b063a8c324a676a86c04dac86,casilegge_e1eead1871d1ae786456ea8cdb37dbc0,Undirected,287,,1.0,Row number,1,http://www.vjolt.net/vol3/issue/vol3_art1.html
casilegge_8522761b063a8c324a676a86c04dac86,casilegge_774a923391d786ea7589adb8d4d8dd59,Undirected,288,,1.0,Row number,1,http://repository.law.umich.edu/cgi/viewcontent.cgi?article=1085&context=mjlr
casilegge_8522761b063a8c324a676a86c04dac86,casilegge_d9602947c813ec4a6b90ef81db7f6de4,Undirected,289,,1.0,Row number,1,http://resources.infosecinstitute.com/online-defamation-k-cyber-libel-pertains-contemporary-legal-systems/
casilegge_8522761b063a8c324a676a86c04dac86,casilegge_5e8a5709f662f8d401f7a00e6137f9ca,Undirected,290,,1.0,Row number,1,"http://scholarship.shu.edu/cgi/viewcontent.cgi?article=1179&amp,context=student_scholarship"
casilegge_8522761b063a8c324a676a86c04dac86,casilegge_c23091ef128fc1bb1fe3482f985196dd,Undirected,291,,2.0,Row number,2,http://ncjolt.org/wp-content/uploads/2013/01/14_Riedy_Final.pdf | http://repository.law.umich.edu/cgi/viewcontent.cgi?article=1085&context=mjlr
casilegge_8522761b063a8c324a676a86c04dac86,casilegge_ee6255b4abf82918552c7d79f4618665,Undirected,292,,1.0,Row number,1,http://resources.infosecinstitute.com/online-defamation-k-cyber-libel-pertains-contemporary-legal-systems/
casilegge_8522761b063a8c324a676a86c04dac86,casilegge_84314f01e87cb656ba5f382d22d85134,Undirected,293,,1.0,Row number,1,"http://scholarship.shu.edu/cgi/viewcontent.cgi?article=1179&amp,context=student_scholarship"
casilegge_8522761b063a8c324a676a86c04dac86,casilegge_b73c2d22763d1ce2143a3755c1d0ad3a,Undirected,294,,1.0,Row number,1,"http://scholarship.shu.edu/cgi/viewcontent.cgi?article=1179&amp,context=student_scholarship"
casilegge_8522761b063a8c324a676a86c04dac86,casilegge_60e78c433af4da601c7fb7efbab51b6e,Undirected,295,,1.0,Row number,1,"http://scholarship.shu.edu/cgi/viewcontent.cgi?article=1179&amp,context=student_scholarship"
casilegge_8522761b063a8c324a676a86c04dac86,casilegge_11e1753c8bd1530b4ac42b3ca58df92b,Undirected,296,,1.0,Row number,1,http://repository.law.umich.edu/cgi/viewcontent.cgi?article=1085&context=mjlr
casilegge_028258954b4e6dff3910723a436854e2,casilegge_b8852643f4c92604b962f252560c29ec,Undirected,297,,1.0,Row number,1,http://www.bbc.co.uk/news/magazine-14898564
casilegge_028258954b4e6dff3910723a436854e2,casilegge_e34a859935f9cdb69e41842149d8d92e,Undirected,298,,1.0,Row number,1,http://www.bbc.co.uk/news/magazine-14898564
casilegge_028258954b4e6dff3910723a436854e2,casilegge_f8df484de510e173e034c04c5e0c33f0,Undirected,299,,1.0,Row number,1,http://www.bbc.co.uk/news/magazine-14898564
casilegge_028258954b4e6dff3910723a436854e2,casilegge_b73c2d22763d1ce2143a3755c1d0ad3a,Undirected,300,,1.0,Row number,1,http://www.bbc.co.uk/news/magazine-14898564
casilegge_589ca23a7ab33e5a0798a9808dcb5e2e,casilegge_774a923391d786ea7589adb8d4d8dd59,Undirected,301,,1.0,Row number,1,http://repository.law.umich.edu/cgi/viewcontent.cgi?article=1085&context=mjlr
casilegge_589ca23a7ab33e5a0798a9808dcb5e2e,casilegge_c23091ef128fc1bb1fe3482f985196dd,Undirected,302,,1.0,Row number,1,http://repository.law.umich.edu/cgi/viewcontent.cgi?article=1085&context=mjlr
casilegge_589ca23a7ab33e5a0798a9808dcb5e2e,casilegge_11e1753c8bd1530b4ac42b3ca58df92b,Undirected,303,,1.0,Row number,1,http://repository.law.umich.edu/cgi/viewcontent.cgi?article=1085&context=mjlr
casilegge_b8852643f4c92604b962f252560c29ec,casilegge_e34a859935f9cdb69e41842149d8d92e,Undirected,304,,1.0,Row number,1,http://www.bbc.co.uk/news/magazine-14898564
casilegge_b8852643f4c92604b962f252560c29ec,casilegge_f8df484de510e173e034c04c5e0c33f0,Undirected,305,,1.0,Row number,1,http://www.bbc.co.uk/news/magazine-14898564
casilegge_b8852643f4c92604b962f252560c29ec,casilegge_b73c2d22763d1ce2143a3755c1d0ad3a,Undirected,306,,1.0,Row number,1,http://www.bbc.co.uk/news/magazine-14898564
casilegge_3587b02d4edd79d3a4df4c0031cfd061,casilegge_cac81601c63cc9de9b2062c06ba36684,Undirected,307,,1.0,Row number,1,http://www.lawnow.org/unmasking-bullies-on-the-internet/
casilegge_3587b02d4edd79d3a4df4c0031cfd061,casilegge_f9ddeb00dd0f89933756d72559b0354d,Undirected,308,,1.0,Row number,1,http://www.lawnow.org/unmasking-bullies-on-the-internet/
casilegge_98b3aaf3edc5a0e94e2fb15f2c91c594,casilegge_80af4a696cf899f4edcd184de05cbdb2,Undirected,309,,1.0,Row number,1,http://gawker.com/5292783/you-dont-have-a-right-to-anonymity
casilegge_98b3aaf3edc5a0e94e2fb15f2c91c594,casilegge_f2b798f672d4b42c0359ced11d4f10cd,Undirected,310,,1.0,Row number,1,http://gawker.com/5292783/you-dont-have-a-right-to-anonymity
casilegge_98b3aaf3edc5a0e94e2fb15f2c91c594,casilegge_6f5df8581db7ac10a56dd8ffe95ba4a1,Undirected,311,,1.0,Row number,1,http://gawker.com/5292783/you-dont-have-a-right-to-anonymity
casilegge_cac81601c63cc9de9b2062c06ba36684,casilegge_f9ddeb00dd0f89933756d72559b0354d,Undirected,312,,1.0,Row number,1,http://www.lawnow.org/unmasking-bullies-on-the-internet/
casilegge_8cfe5d8c3688c454fc685d03a7b28b71,casilegge_ba94a498f055432ca50dcb44c04a08f1,Undirected,313,,1.0,Row number,1,http://www.freerepublic.com/focus/news/3194528/posts
casilegge_8cfe5d8c3688c454fc685d03a7b28b71,casilegge_b73c2d22763d1ce2143a3755c1d0ad3a,Undirected,314,,1.0,Row number,1,http://thenoisychannel.com/2009/08/08/public-expression-liability-and-anonymity
casilegge_8cfe5d8c3688c454fc685d03a7b28b71,casilegge_bf822ae3083491047a09edde2498fc66,Undirected,315,,1.0,Row number,1,http://www.freerepublic.com/focus/news/3194528/posts
casilegge_774a923391d786ea7589adb8d4d8dd59,casilegge_c23091ef128fc1bb1fe3482f985196dd,Undirected,316,,1.0,Row number,1,http://repository.law.umich.edu/cgi/viewcontent.cgi?article=1085&context=mjlr
casilegge_774a923391d786ea7589adb8d4d8dd59,casilegge_11e1753c8bd1530b4ac42b3ca58df92b,Undirected,317,,1.0,Row number,1,http://repository.law.umich.edu/cgi/viewcontent.cgi?article=1085&context=mjlr
casilegge_80af4a696cf899f4edcd184de05cbdb2,casilegge_f2b798f672d4b42c0359ced11d4f10cd,Undirected,318,,1.0,Row number,1,http://gawker.com/5292783/you-dont-have-a-right-to-anonymity
casilegge_80af4a696cf899f4edcd184de05cbdb2,casilegge_6f5df8581db7ac10a56dd8ffe95ba4a1,Undirected,319,,1.0,Row number,1,http://gawker.com/5292783/you-dont-have-a-right-to-anonymity
casilegge_d9602947c813ec4a6b90ef81db7f6de4,casilegge_ee6255b4abf82918552c7d79f4618665,Undirected,320,,1.0,Row number,1,http://resources.infosecinstitute.com/online-defamation-k-cyber-libel-pertains-contemporary-legal-systems/
casilegge_5e8a5709f662f8d401f7a00e6137f9ca,casilegge_374749e8753e15114eee75aea1546332,Undirected,321,,1.0,Row number,1,http://eaves.ca/2012/09/12/why-banning-anonymous-comments-is-bad-for-postmedia-and-bad-for-society/
casilegge_5e8a5709f662f8d401f7a00e6137f9ca,casilegge_84314f01e87cb656ba5f382d22d85134,Undirected,322,,1.0,Row number,1,"http://scholarship.shu.edu/cgi/viewcontent.cgi?article=1179&amp,context=student_scholarship"
casilegge_5e8a5709f662f8d401f7a00e6137f9ca,casilegge_b73c2d22763d1ce2143a3755c1d0ad3a,Undirected,323,,1.0,Row number,1,"http://scholarship.shu.edu/cgi/viewcontent.cgi?article=1179&amp,context=student_scholarship"
casilegge_5e8a5709f662f8d401f7a00e6137f9ca,casilegge_60e78c433af4da601c7fb7efbab51b6e,Undirected,324,,1.0,Row number,1,"http://scholarship.shu.edu/cgi/viewcontent.cgi?article=1179&amp,context=student_scholarship"
casilegge_fa5a4660499d36be24f167510540b9cf,casilegge_ba9bf05693b9fa202d922dd43a08f281,Undirected,325,,1.0,Row number,1,http://www.socialbusinessnews.com/is-there-a-place-for-anonymous-posting-within-internal-communities/
casilegge_e34a859935f9cdb69e41842149d8d92e,casilegge_f8df484de510e173e034c04c5e0c33f0,Undirected,326,,1.0,Row number,1,http://www.bbc.co.uk/news/magazine-14898564
casilegge_e34a859935f9cdb69e41842149d8d92e,casilegge_b73c2d22763d1ce2143a3755c1d0ad3a,Undirected,327,,1.0,Row number,1,http://www.bbc.co.uk/news/magazine-14898564
casilegge_59d59bd0a95db884ec0442c80411d52d,casilegge_2ca60a3b825decea1811d206540070f7,Undirected,328,,1.0,Row number,1,http://framing.indiana.edu/2014/03/03/global-online-anonymity/
casilegge_ba94a498f055432ca50dcb44c04a08f1,casilegge_bf822ae3083491047a09edde2498fc66,Undirected,329,,1.0,Row number,1,http://www.freerepublic.com/focus/news/3194528/posts
casilegge_f8df484de510e173e034c04c5e0c33f0,casilegge_b73c2d22763d1ce2143a3755c1d0ad3a,Undirected,330,,1.0,Row number,1,http://www.bbc.co.uk/news/magazine-14898564
casilegge_c23091ef128fc1bb1fe3482f985196dd,casilegge_b73c2d22763d1ce2143a3755c1d0ad3a,Undirected,331,,1.0,Row number,1,http://www.thefire.org/controversy-over-yik-yak-app-shows-the-need-for-more-free-speech-not-less/
casilegge_c23091ef128fc1bb1fe3482f985196dd,casilegge_74ed44819aa5bd6221a643d282e30d3e,Undirected,332,,1.0,Row number,1,http://www.thefire.org/controversy-over-yik-yak-app-shows-the-need-for-more-free-speech-not-less/
casilegge_c23091ef128fc1bb1fe3482f985196dd,casilegge_11e1753c8bd1530b4ac42b3ca58df92b,Undirected,333,,1.0,Row number,1,http://repository.law.umich.edu/cgi/viewcontent.cgi?article=1085&context=mjlr
casilegge_488216fa44136c0e649bb5f37ee27df7,casilegge_9385d176957aec01cbfe21a52a792e05,Undirected,334,,1.0,Row number,1,http://www.psw.ugent.be/Cms_global/uploads/publicaties/dv/05recente_publicaties/Anonymity.Voorhoof.editedjuly2010.pdf
casilegge_576a14743bf1228f2ae427f8f4c5fd1d,casilegge_6f5df8581db7ac10a56dd8ffe95ba4a1,Undirected,335,,1.0,Row number,1,https://www.supremecourt.uk/docs/speech-140930.pdf
casilegge_576a14743bf1228f2ae427f8f4c5fd1d,casilegge_b73c2d22763d1ce2143a3755c1d0ad3a,Undirected,336,,1.0,Row number,1,https://www.supremecourt.uk/docs/speech-140930.pdf
casilegge_576a14743bf1228f2ae427f8f4c5fd1d,casilegge_a4a50e8c1a2bd5fefd37db18c2fd58ee,Undirected,337,,1.0,Row number,1,https://www.supremecourt.uk/docs/speech-140930.pdf
casilegge_576a14743bf1228f2ae427f8f4c5fd1d,casilegge_749ab3b68632680660d776891751e812,Undirected,338,,1.0,Row number,1,https://www.supremecourt.uk/docs/speech-140930.pdf
casilegge_6eb3dbe6eefc64fd9302d33d026f7bcf,casilegge_74ed44819aa5bd6221a643d282e30d3e,Undirected,339,,1.0,Row number,1,http://thekenyonthrill.com/2014/09/29/kenyon-confession-your-anonymity-is-problematic/
casilegge_f2b798f672d4b42c0359ced11d4f10cd,casilegge_6f5df8581db7ac10a56dd8ffe95ba4a1,Undirected,343,,1.0,Row number,1,http://gawker.com/5292783/you-dont-have-a-right-to-anonymity
casilegge_6f5df8581db7ac10a56dd8ffe95ba4a1,casilegge_b73c2d22763d1ce2143a3755c1d0ad3a,Undirected,340,,1.0,Row number,1,https://www.supremecourt.uk/docs/speech-140930.pdf
casilegge_6f5df8581db7ac10a56dd8ffe95ba4a1,casilegge_a4a50e8c1a2bd5fefd37db18c2fd58ee,Undirected,341,,1.0,Row number,1,https://www.supremecourt.uk/docs/speech-140930.pdf
casilegge_6f5df8581db7ac10a56dd8ffe95ba4a1,casilegge_749ab3b68632680660d776891751e812,Undirected,342,,1.0,Row number,1,https://www.supremecourt.uk/docs/speech-140930.pdf
casilegge_84314f01e87cb656ba5f382d22d85134,casilegge_b73c2d22763d1ce2143a3755c1d0ad3a,Undirected,344,,1.0,Row number,1,"http://scholarship.shu.edu/cgi/viewcontent.cgi?article=1179&amp,context=student_scholarship"
casilegge_84314f01e87cb656ba5f382d22d85134,casilegge_60e78c433af4da601c7fb7efbab51b6e,Undirected,345,,1.0,Row number,1,"http://scholarship.shu.edu/cgi/viewcontent.cgi?article=1179&amp,context=student_scholarship"
casilegge_b73c2d22763d1ce2143a3755c1d0ad3a,casilegge_4feaf6ef7f71e12c296f0ae82f257c28,Undirected,346,,1.0,Row number,1,"http://www.tara.tcd.ie/xmlui/bitstream/handle/2262/69853/vogel.pdf?sequence=1&amp,isAllowed=y"
casilegge_b73c2d22763d1ce2143a3755c1d0ad3a,casilegge_a4a50e8c1a2bd5fefd37db18c2fd58ee,Undirected,347,,1.0,Row number,1,https://www.supremecourt.uk/docs/speech-140930.pdf
casilegge_b73c2d22763d1ce2143a3755c1d0ad3a,casilegge_60e78c433af4da601c7fb7efbab51b6e,Undirected,348,,1.0,Row number,1,"http://scholarship.shu.edu/cgi/viewcontent.cgi?article=1179&amp,context=student_scholarship"
casilegge_b73c2d22763d1ce2143a3755c1d0ad3a,casilegge_749ab3b68632680660d776891751e812,Undirected,349,,1.0,Row number,1,https://www.supremecourt.uk/docs/speech-140930.pdf
casilegge_b73c2d22763d1ce2143a3755c1d0ad3a,casilegge_74ed44819aa5bd6221a643d282e30d3e,Undirected,350,,2.0,Row number,2,http://highlandecho.com/students-react-to-anonymous-social-media-app/ | http://www.thefire.org/controversy-over-yik-yak-app-shows-the-need-for-more-free-speech-not-less/
casilegge_a4a50e8c1a2bd5fefd37db18c2fd58ee,casilegge_749ab3b68632680660d776891751e812,Undirected,351,,1.0,Row number,1,https://www.supremecourt.uk/docs/speech-140930.pdf
casilegge_ced25ec4be6cf6602aac586d4b957c15,casilegge_740032cddca4231c35f691047507232d,Undirected,352,,1.0,Row number,1,"http://scholarship.law.duke.edu/cgi/viewcontent.cgi?article=1203&amp,context=dltr"
casilegge_3eb9efeecc0aabacbc89909cf0491764,casilegge_771c0159ac754c62cdc1c5981d1412f9,Undirected,353,,1.0,Row number,1,http://www.digitaleyemedia.com/blog/why-online-review-sites-should-not-allow-anonymous-reviews
casilegge_3eb9efeecc0aabacbc89909cf0491764,casilegge_e35a1d26840300b6958dfa82ac52fdbf,Undirected,354,,1.0,Row number,1,http://www.digitaleyemedia.com/blog/why-online-review-sites-should-not-allow-anonymous-reviews
casilegge_771c0159ac754c62cdc1c5981d1412f9,casilegge_e35a1d26840300b6958dfa82ac52fdbf,Undirected,355,,1.0,Row number,1,http://www.digitaleyemedia.com/blog/why-online-review-sites-should-not-allow-anonymous-reviews
