tf_idf;content;query;tor
0,312278998;awareness;anonimity;tor
0,211942441;Tor node;anonimity;tor
0,206046991;the Tor proxy;anonimity;tor
0,206046991;the Tor network;anonimity;tor
0,206046991;Tor users;anonimity;tor
0,192582314;Tor Anonymity Network;anonimity;tor
0,180942724;Bitcoin;anonimity;tor
0,178207658;VPNs ;anonimity;tor
0,169771932;servers;anonimity;tor
0,163704634;Tor exit;anonimity;tor
0,36212353;Get Tor;censorship;tor
0,189429648;Tor Browser;censorship;tor
0,174197986;a Tor circuit;censorship;tor
0,162620289;torproject.org;censorship;tor
0,150134134;native Tor;censorship;tor
0,150134134;Tor metrics;censorship;tor
0,143061148;governments;censorship;tor
0,143061148;Iraq;censorship;tor
0,142009228;Open Rights Group ;censorship;tor
0,139951123;Journalists;censorship;tor
0,230635963;Tor node;crime;tor
0,193484339;Anonymous;crime;tor
0,152120786;Tor hackathon;crime;tor
0,151543719;criminal business;crime;tor
0,128755033;the Silk Road;crime;tor
0,128755033;SSBD;crime;tor
0,128755033;forums;crime;tor
0,112660654;National Cyber Crime Unit;crime;tor
0,11244981;Tor IP;crime;tor
0,111400074;FBI;crime;tor
0,238435246;Tor Challenge;freedom;tor
0,227214764;innovations;freedom;tor
0,197808012;a Tor bridge;freedom;tor
0,197808012;BeagleBone;freedom;tor
0,188816738;Tor Cloud;freedom;tor
0,181345117;The FreedomStick;freedom;tor
0,156066707;Anonabox;freedom;tor
0,148157267;a Tor proxy;freedom;tor
0,146066634;Tor de-anonymization;freedom;tor
0,136008838;Tor Browser.exe;freedom;tor
0,201179739;Tor2web.org ;legal;tor
0,167941347;suspicious content;legal;tor
0,150884804;host material;legal;tor
0,139278281;Tor Mail;legal;tor
0,125956011;legal content;legal;tor
0,11595374;Tor transactions;legal;tor
0,111960898;Hidden websites;legal;tor
0,109286336;Tor community;legal;tor
0,107643097;Tor Exit Router;legal;tor
0,107443043;Law Enforcement ;legal;tor
0,243854229;Facebook;risk;tor
0,202669959;Tor security;risk;tor
0,201780276;Sefnit;risk;tor
0,189345637;Tor development;risk;tor
0,181552447;Tor Browser Bundle;risk;tor
0,134551079;Wikileaks;risk;tor
0,134119826;porn;risk;tor
0,117354848;different IP;risk;tor
0,115648233;Police;risk;tor
0,111265579;DoS attacks;risk;tor
0,361754393;Tor relays;security;tor
0,279902246;illegal sites;security;tor
0,21119321;NSA;security;tor
0,167047448;the Tor group;security;tor
0,165341652;Tor traffic;security;tor
0,160478662;the Tor software;security;tor
0,150887685;Tor Stinks;security;tor
0,148771572;Google;security;tor
0,142009228;Tor communications;security;tor
0,134726703;the Tor protocol;security;tor
0,198264091;Download Tor;technology;tor
0,198264091;BitTorrent and Tor;technology;tor
0,198264091;Tor and HTTPS relate;technology;tor
0,167163841;Torrent file-sharing;technology;tor
0,129780523;Dan Egerstad;technology;tor
0,122015149;clone sites;technology;tor
0,10601088;Operation Onymous;technology;tor
0,103834704;Tor infrastructure;technology;tor
0,098947192;hosting;technology;tor
0,094952089;Tor attack;technology;tor
