tf_idf;content;TAG;query
0,627762721;anti-censorship browser;Technology;deep web
0,627762721;BitTorrent based browser;Technology;deep web
0,627762721;the Pirate browser;Technology;deep web
0,426301397;DW;Ambients;deep web
0,398798081;Tor use;Actions and verbs;deep web
0,347046684;level;Technology;deep web
0,339328329;Deep Web;Ambients;deep web
0,332744569;access Web;Actions and verbs;deep web
0,300924847;the Alice node;Technology;deep web
0,294350965;the Deep internet;Ambients;deep web
0,293947033;drug use;Actions and verbs;deep web
0,279559459;access Deep Website;Actions and verbs;deep web
0,278858809;Deep Web anonymity;Technology;deep web
0,277944518;Cryptocat;Actors involved;deep web
0,275122007;danger Deep Web;Perceptions;deep web
0,274050898;DW trafficker;Actors involved;deep web
0,272774962;a Deep Web search;Actions and verbs;deep web
0,267837735;Deep use Web;Actions and verbs;deep web
0,252331726;Tor work;Actions and verbs;deep web
0,252300827;access Facebook;Actions and verbs;deep web
0,244643574;the Tor Project;Actors involved;deep web
0,233749296;standard Web;Ambients;deep web
0,232489677;the�Deep Web;Ambients;deep web
0,230440944;node;Technology;deep web
0,228794021;browser;Technology;deep web
0,226367813;many Tor user;Actors involved;deep web
0,225693635;Tor node;Technology;deep web
0,223872565;book lovers;Actors involved;deep web
0,222711633;Deep mysterious Web;Ambients;deep web
0,220763224;Deep Web pages;Technology;deep web
0,219745882;Tor utility;Technology;deep web
0,218577449;Dark Web crime;Actions and verbs;deep web
0,2142059;Dark Web network;Technology;deep web
0,211607145;the Tor guidelines;Perceptions;deep web
0,211369044;drug seller;Actors involved;deep web
0,210769827;Deep invisible Web;Ambients;deep web
0,209834351;another Dark myth Web;Perceptions;deep web
0,206965522;the Iraq government;Actors involved;deep web
0,206821366;Deep Web search engines;Technology;deep web
0,205248744;.onion site;Technology;deep web
0,203000665;Multiple DW marketplaces;Ambients;deep web
0,199318106;browser Web;Technology;deep web
0,199205835;Deep marketplace Web;Ambients;deep web
0,199038155;The Pirate Bay;Actors involved;deep web
0,198235803;relay Tor;Technology;deep web
0,196233977;normal internet browsers;Technology;deep web
0,19560115;node random;Technology;deep web
0,19533512;malicious software;Technology;deep web
0,195224386;connection Deep Web;Technology;deep web
0,19479108;search string;Technology;deep web
0,193885508;the Tor browser bundle;Technology;deep web
0,192935927;the Deep Web vampires;Actors involved;deep web
0,191968021;Deep Web database;Technology;deep web
0,191882091;chinese dissident;Actors involved;deep web
0,191086856;the Cryptocat site;Actors involved;deep web
0,188078029;entry node;Technology;deep web
0,187883595;the Dark net market;Ambients;deep web
0,1862385;the first search engine;Technology;deep web
0,184071059;the Tor browser;Technology;deep web
0,183835668;onion site;Technology;deep web
0,183186505;drug purveyor small-scale;Actors involved;deep web
0,182829261;The Silk Road book club;Actors involved;deep web
0,182700599;the trust mechanisms;Perceptions;deep web
0,181805008;arcane of the Deep Web;Perceptions;deep web
0,181646638;access Deep Web;Actions and verbs;deep web
0,181562277;ecstasy pills;Products and items;deep web
0,179744463;clear Web;Ambients;deep web
0,176849854;a Tor bridge;Technology;deep web
0,175440972;Tor attackers;Actors involved;deep web
0,173618901;the Deep Web Tor Network;Technology;deep web
0,172776948;Deep Web crawlers;Technology;deep web
0,17273732;Web;Ambients;deep web
0,171308183;Hacktivism ;Actors involved;deep web
0,169680148;Tor user;Actors involved;deep web
0,168956311;psychedelic;Perceptions;deep web
0,167982186;the public Web;Ambients;deep web
0,167695273;Deep Web activity;Actions and verbs;deep web
0,166634448;Deep Web links;Technology;deep web
0,166469064;drug market;Ambients;deep web
0,164470364;Tor Cloud;Technology;deep web
0,163411924;unstructured Web pages;Technology;deep web
0,163411924;standard Web pages;Technology;deep web
0,161780683;The Psychedelic Society;Actors involved;deep web
0,161780683;violence;Perceptions;deep web
0,161413869;Deep Web Website;Ambients;deep web
0,161221053;trust;Perceptions;deep web
0,158812377;the NCA;Actors involved;deep web
0,156343791;Iran Blocks;Actions and verbs;deep web
0,155832864;server Web;Technology;deep web
0,155546932;Darkcoin;Actors involved;deep web
0,155273008;visible Web;Ambients;deep web
0,154117618;Deep Web browsers;Technology;deep web
0,154020854;criminal infection;Perceptions;deep web
0,15369542;Deep Web malware;Technology;deep web
0,152792867;guns;Products and items;deep web
0,150963087;Google search;Actions and verbs;deep web
0,150707694;Deep Web pedophiles;Actors involved;deep web
0,149586175;the Surface Web;Ambients;deep web
0,14921523;Dark net;Ambients;deep web
0,149082034;Deep Tor Web;Ambients;deep web
0,148354373;exit node;Technology;deep web
0,144735973;child;Actors involved;deep web
0,144273431;community ;Perceptions;deep web
0,143824375;Web crawlers;Technology;deep web
0,140887949;attack;Actions and verbs;deep web
0,140799699;Deep Web users;Actors involved;deep web
0,140352778;anonymity Tor;Technology;deep web
0,139550612;legal research;Actions and verbs;deep web
0,139464363;Tor domains;Technology;deep web
0,137645254;Web users;Actors involved;deep web
0,137532059;access site;Actions and verbs;deep web
0,136353756;traditional searches;Actions and verbs;deep web
0,136174387;different drug;Products and items;deep web
0,134817236;sold guns;Actions and verbs;deep web
0,134770904;invisible Web;Ambients;deep web
0,134047207;the Silk Road forums;Ambients;deep web
0,133208234;relay;Technology;deep web
0,132517092;search;Actions and verbs;deep web
0,131684525;Facebook;Actors involved;deep web
0,129227253;Thehiddenwiki;Actors involved;deep web
0,128633351;Tor traffic;Technology;deep web
0,128564735;gun;Products and items;deep web
0,128393466;the Dark Web;Ambients;deep web
0,12829254;Dark Deep Web;Ambients;deep web
0,128185098;drug user;Actors involved;deep web
0,128079517;download Tor;Actions and verbs;deep web
0,12797868;completely free Web;Technology;deep web
0,127921394;The Chinese authorities;Actors involved;deep web
0,124899629;Silk Road administraTors;Actors involved;deep web
0,124179313;Tor usage;activity;deep web
0,124179313;the Iraq Ministry;Actors involved;deep web
0,124179313;government obstruction;Actions and verbs;deep web
0,123216683;infection;Actions and verbs;deep web
0,123216683;the Indian government;Actors involved;deep web
0,12213026;internet regulation;Actors involved;deep web
0,12209529;illegal material;Products and items;deep web
0,121872888;Web traffic;Technology;deep web
0,121778865;law enforcement;Actions and verbs;deep web
0,121744425;Google search engine algorithm;Technology;deep web
0,121567511;abuse child pornography;Actions and verbs;deep web
0,120095194;child pornography site;Ambients;deep web
0,119580079;the Chinese censors;Actors involved;deep web
0,116660199;BitBlender users;Actors involved;deep web
0,116658474;the Chinese government;Actors involved;deep web
0,116021548;Web dissident;Actors involved;deep web
0,115614339;China;Actors involved;deep web
0,115567325;Celebrity Photos & The Deep Web;Products and items;deep web
0,11497993;Deep Web book club;Actors involved;deep web
0,114682194;Google Scholar;Actors involved;deep web
0,114036632;multiple relay;Technology;deep web
0,518081646;get Tor;Actions and verbs;TOR
0,51755353;relay Tor;Technology;TOR
0,514015864;Tor awareness;Perceptions;TOR
0,483899076;Tor;Actors involved;TOR
0,474476182;Tor v0.2.3.25;Technology;TOR
0,460723249;illegal site;Actors involved;TOR
0,428436325;node;Technology;TOR
0,42089437;middle node;Technology;TOR
0,382010343;a malicious Tor exit-node;Technology;TOR
0,379630216;middle node Tor;Technology;TOR
0,371377386;log node;Technology;TOR
0,362224352;Tor Really Anonymous;Actions and verbs;TOR
0,353221158;Tor challenge;Actions and verbs;TOR
0,349990476;browser Tor user;Actors involved;TOR
0,347627158;NSA Battles Tor;Actions and verbs;TOR
0,347329145;node Tor;Technology;TOR
0,337994142;the Tor Website;Actors involved;TOR
0,332133327;the Tor service;Technology;TOR
0,332133327;sefnit-added service;Technology;TOR
0,331144835;Tor2Web.org;Technology;TOR
0,327499937;Tor traffic;Technology;TOR
0,326345635;BitTorrent and Tor;Technology;TOR
0,325594922;BeagleBone Tor;Technology;TOR
0,325594922;Tor Arm;Technology;TOR
0,31875743;the Tor group;Actors involved;TOR
0,318726904;the Tor icon;Perceptions;TOR
0,317597944;VPN traffic;Technology;TOR
0,316522856;Tor Stinks;Perceptions;TOR
0,315431331;The Tor network;Actors involved;TOR
0,311665727;Tor development;Actors involved;TOR
0,308041707;Tor Anonymity;Technology;TOR
0,307785646;the VPN;Technology;TOR
0,307560295;relay;Technology;TOR
0,307148833;drug sale site;Actors involved;TOR
0,306308973;the Tor servers;Technology;TOR
0,298838022;Tor Browser Bundle users;Actors involved;TOR
0,296179232;legal legitimate site;Technology;TOR
0,293332449;VPNs and Tor;Technology;TOR
0,291994486;Tor bridges;Technology;TOR
0,288970533;the Tor Challenge;Actions and verbs;TOR
0,283651787;download Tor;Actions and verbs;TOR
0,276310211;criminal business;Actions and verbs;TOR
0,274607912;browser user;Actors involved;TOR
0,270135681;Tor Cloud;Technology;TOR
0,265746326;VPN logging;Technology;TOR
0,261184659;the FreedomStick software;Technology;TOR
0,25510417;Tor usage;Actions and verbs;TOR
0,251264406;Tor Anonymity Network;Technology;TOR
0,250441128;middle relay;Technology;TOR
0,25039307;the Tor hackathon;Actions and verbs;TOR
0,248914239;Operation Onymous;Technology;TOR
0,248358627;host material;Products and items;TOR
0,247123011;Tor metrics;Actors involved;TOR
0,247123011;native Tor;Technology;TOR
0,246351415;Tor proxy;Technology;TOR
0,24631256;Tor security;Technology;TOR
0,245146027;binary Tor;Technology;TOR
0,245146027;Tor hazard;Perceptions;TOR
0,245146027;Tor eruption;Actions and verbs;TOR
0,242301099;Windows users;Actors involved;TOR
0,242149661;the Tor IM Browser Bundle;Technology;TOR
0,240832608;the VPN companies;Actors involved;TOR
0,236750699;access hardware;Technology;TOR
0,235480772;Iraq government;Actors involved;TOR
0,235480772;people;Actors involved;TOR
0,233749296;Tor communications;Technology;TOR
0,233737224;Tor problem;Perceptions;TOR
0,232609055;suspicious server;Actors involved;TOR
0,230866052;intermediary node;Technology;TOR
0,230361625;anonymity harm ;Perceptions;TOR
0,230361625;journalists ;Actors involved;TOR
0,230216391;the Tor Bundle;Technology;TOR
0,229400984;exit node;Technology;TOR
0,228156895;security;Perceptions;TOR
0,226367813;many Tor user;Actors involved;TOR
0,224779352;anonymity network;Technology;TOR
0,222618377;legal troubles;Perceptions;TOR
0,221922149;entry node;Technology;TOR
0,221762152;breaking Tor;Actions and verbs;TOR
0,221642758;Tor anonymous network;Technology;TOR
0,221422218;Sefnit;Technology;TOR
0,220763224;operaTor Web-porn;Actors involved;TOR
0,219870259;Tor user;Actors involved;TOR
0,219745882;Tor utility;Technology;TOR
0,219493965;network;Actors involved;TOR
0,218681266;Tor and Bitcoin;Actors involved;TOR
0,217144154;crime tip;Actions and verbs;TOR
0,216749347;accessible facebook ;Actions and verbs;TOR
0,216544053;a VPN provider;Technology;TOR
0,215768581;many somebody user;Actors involved;TOR
0,215378755;Tor Crooks;Actions and verbs;TOR
0,215244143;control panel Tor;Technology;TOR
0,215194869;anonymous Tor user;Actors involved;TOR
0,214734183;Tor hidden services;Technology;TOR
0,214596653;Bitcoin and Tor security research;Technology;TOR
0,214073429;Facebook and the Tor Project;Technology;TOR
0,213202323;The EFF Tor Challenge;Actions and verbs;TOR
0,212639784;several network nodes;Technology;TOR
0,211932695;Silk Road members;Actors involved;TOR
0,211607145;the Tor guidelines;Perceptions;TOR
0,210250931;The Tor Browser Bundle;Technology;TOR
0,208974109;de-anonymization Tor;Technology;TOR
0,208230814;Tor well-behaved user ;Actors involved;TOR
0,207407441;malicious node;Technology;TOR
0,207383634;new Tor users;Actors involved;TOR
0,207325462;content legal mostly;Products and items;TOR
0,207196769;CCS paper;Products and items;TOR
0,207087626;410 hidden service Tor;Technology;TOR
0,206883358;software Tor;Technology;TOR
0,206130503;the world use Tor;Actions and verbs;TOR
0,203781437;possible control mechanisms;Actions and verbs;TOR
0,203622064;Anonabox;Technology;TOR
0,203037709;latest project Tor;Technology;TOR
0,200884071;Library Associations and Institutions;Actors involved;TOR
0,200884071;Massachusetts libraries;Actors involved;TOR
0,197768045;binary file;Technology;TOR
0,19621432;traffic analysis;Technology;TOR
0,19594369;bitcoin network;Ambients;TOR
0,195881767;the Tor community;Actors involved;TOR
0,195288282;Bitcoin hidden services;Technology;TOR
0,193764379;Tor Browser;Technology;TOR
0,193750002;Hidden Tor;Actors involved;TOR
0,193745024;Tor routers;Technology;TOR
0,192590026;bitcoin node;Technology;TOR
0,192499075;Wikileaks Tor;Actors involved;TOR
0,192396999;Tor deanonymization;Actions and verbs;TOR
0,191274995;clone;Actions and verbs;TOR
0,190895685;Obfsproxy;Technology;TOR
0,190861577;Tor transactions;Actions and verbs;TOR
0,187926589;hidden service access point;Technology;TOR
0,185441108;National Cyber Crime Unity;Actors involved;TOR
0,185441108;Silk Road discussion forums;Technology;TOR
0,185094056;Tor IP;Technology;TOR
0,185009034;DoS attacks;Actions and verbs;TOR
0,1842893;server Website;Technology;TOR
0,1842893;hidden Websites;Technology;TOR
0,183682002;onion routing;Technology;TOR
0,183151711;the Iraq government censors;Actors involved;TOR
0,182803936;anonymity and tracking Tor users;Actors involved;TOR
0,181980495;the NSA server;Actors involved;TOR
0,181718008;Tor Mail;Actors involved;TOR
0,180214876;Tor-hosted sites;Technology;TOR
0,17988946;the Tor technology;Technology;TOR
0,179581624;exit Tor;Technology;TOR
0,178212391;exit node;Technology;TOR
0,177819228;VPN server;Technology;TOR
0,177691454;Wikileaks servers;Technology;TOR
0,177349535;browser censorship-dodging ;Technology;TOR
0,177182134;Tor Exit Router;Technology;TOR
0,176852843;Law Enforcement and Tor;Actors involved;TOR
