PAGE CREATED,WIKIPAGE,USER,%BYTE,DATE ADD,ADDED,LINGUA
2/1/2002,Privacy,Olegwiki,"0,06",6/6/2014,L,en.wikipedia.org
1/9/2004,Memory hole,Gobonobo,"0,34",8/8/2014,L,en.wikipedia.org
30/11/2004,Ineternet privacy,129.7.248.159,,30/11/2004,par (no L),en.wikipedia.org
30/11/2004,Ineternet privacy,Olegwiki,"0,06",6/6/2014,L,en.wikipedia.org
5/3/2007,Criticism of Google,Int21h,"0,26",13/5/2014,L,en.wikipedia.org
5/3/2007,Criticism of Google,10.220.78.75,"0,51",21/9/2014,par,en.wikipedia.org
21/4/2002,Internet censorship,Olegwiki,"4,2",6/6/2014,L+,en.wikipedia.org
27/2/2005,DA Notice,Wnt,"2,26",4/9/2014,L,en.wikipedia.org
7/9/2005,Günther Oettinger ‎,93.220.111.162,"41,49",3/10/2014,L+,en.wikipedia.org
26/4/2006,Dougie Mc Donald,78.86.96.172,"0,47",2/7/2014,L+,en.wikipedia.org
20/5/2006,Privacy law,Olegwiki,"0,38",6/6/2014,L,en.wikipedia.org
29/5/2006,Censorship by Google,Aspaa,"16,36",6/7/2014,L+,en.wikipedia.org
22/6/2007,Sabine Leutheusser-Schnarrenberger,93.220.67.75,"1,67",23/8/2014,L+,en.wikipedia.org
22/7/2007,Oxford Mail,Jpbowen,"41,98",16/8/2014,L+,en.wikipedia.org
1/10/2007,Badoo,Haeinous,"2,74",27/10/2014,L+,en.wikipedia.org
9/11/2008,Dejan Lazić,184.23.8.76,"10,07",1/11/2014,L+,en.wikipedia.org
22/11/2006,Streisand effect,Edupedro,"2,15",4/9/2014,L,en.wikipedia.org
30/11/2005,Freedom of speech,JRSpriggs,"0,39",14/12/2012,L+,en.wikipedia.org
10/2/2012,Banda della comasina,Fluclo,"3,85",6/8/2014,L+,en.wikipedia.org
3/1/2013,General Data Protection Law,Steeler2,"42,05",3/1/2013,par (no L),en.wikipedia.org
3/1/2013,General Data Protection Law,RR 2014,"5,68",1/6/2014,L,en.wikipedia.org
4/5/2012,Do Not track legislation,Chotongfui,51,4/5/2012,par (no L),en.wikipedia.org
4/5/2012,Do Not track legislation,Nicle-bux,"85,3",1/6/2014,L,en.wikipedia.org
14/5/2014,Google Spain v AEPD and Mario Costeja González,Bender235,"15,45",14/5/2014,L,en.wikipedia.org
14/5/2014,Google Spain v AEPD and Mario Costeja González,RR 2014,"36,6",28/5/2014,par,en.wikipedia.org
28/2/2007,Los Alfaques disaster,163.150.20.208,,27/2/2012,L,en.wikipedia.org
13/ott/2003,Sabine Leutheusser-Schnarrenberger,46.115.9.77,"1,15",11 Jul 2014,L +,de.wikipedia.org
16/dic/2004,Google Inc.,46.115.9.77,"1,31",11 Jul 2014,L +,de.wikipedia.org
15/sept/2005,José Luis Piñar Mañas,46.115.9.77,"30,29",11 Jul 2014,L +,de.wikipedia.org
10/dic/2001,Google,Carolin,,13 may 2014,par (no L),de.wikipedia.org
10/dic/2001,Google,Doc z,,12 Jul 2014,L +,de.wikipedia.org
18/nov/2006,George Osborne (Politiker),Shadak,,4 Ago 2014,L +,de.wikipedia.org
2 feb 2007,Luciano Floridi,46.114.135.103,"17,51",12 Jul 2014,L +,de.wikipedia.org
29/mag/2004,Jimmy Wales,46.115.9.77,"3,30",11 Jul 2014,L +,de.wikipedia.org
16. Jul. 2010‎,Yasni,94.249.174.7,"9,1",26 Sept 2014,L +,de.wikipedia.org
29 May 2011,Viktor Mayer-Schönberger (Jurist),Forevermore,"0,9",11 Feb 2012,L +,de.wikipedia.org
19. Sep. 2011‎,Frank William La Rue,46.114.5.75,"24,6",12 Jul 2014,L +,de.wikipedia.org
28/gen/2012,Datenschutz-Grundverordnung,Forevermore,"36,3",11 Feb 2012,L +,de.wikipedia.org
28/gen/2012,EU-Datenschutzreform,Forevermore,"84,1",28/gen/2012,L +,de.wikipedia.org
27/ott/2007,Daniel Mack,Sevensection,"19,5",30 nov 2013,L +,de.wikipedia.org
12/5/2008,Moroso,Pabloandrespalazzi,"2,14",11/28/2012,L+,es.wikipedia.org
11/gen/2011,Protección de datos personales,Pabloandrespalazzi,"8,24",11/25/2012,L+,es.wikipedia.org
14 dic 2002‎,Garante per la protezione dei dati personali,Mizardellorsa,"0,69",17 set 2007,L,it.wikipedia.org
27 giu 2005‎,Progetto Winston Smith,79.18.135.193,"57,47",21 mar 2008‎,L+,it.wikipedia.org
11/7/2005,Ingiuria,Praticante,"12,03",22 gen 2010,L,it.wikipedia.org
15/7/2005,Privacy,Mizardellorsa,"0,76",31 lug 2009,L,it.wikipedia.org
18/10/2005,Diffamazione,Praticante,"4,46",22 gen 2010,L,it.wikipedia.org
21/1/2006,Diritto all'informazione,Niculinux,"6,93",20/3/2013,L,it.wikipedia.org
4/9/2007,Esclusione della prova liberatoria,Mizardellorsa,"32,3", 31 lug 2009,L,it.wikipedia.org
8/2/2008,Determinismo tecnologico,Giosab,"14,7",11/28/2011,L+,it.wikipedia.org
23 mag 2008‎,Oblio,Mario Ferro,"40,3",23 mag 2008‎,L+,it.wikipedia.org
22/5/2009,Effetto Streisand,Blackcat,"29,3",4/7/2014,L+,it.wikipedia.org
19 nov 2009‎,Delitti contro l'onore,Praticante,"52,7",19 nov 2009‎,L,it.wikipedia.org
 10 dic 2009‎,Offese in scritti e discorsi pronunciati dinanzi alle autorità giudiziarie o amministrative,Praticante,"60,9", 10 dic 2009‎,L,it.wikipedia.org
13/gen/2006,Vie privée et informatique,Papagrieng,,13/gen/2006,par (no L),fr.wikipedia.org
13/gen/2006,Vie privée et informatique,Ahbon?,,17/sept/2009,L,fr.wikipedia.org
20/dic/2009,Renato Vallanzasca,Éric Messel,"2,8",11/Ago/2014,L+,fr.wikipedia.org
08/dic/2010,Chartes du droit à l'oubli numérique,Andrepitie,,08/dic/2010,par (no L),fr.wikipedia.org
08/dic/2010,Chartes du droit à l'oubli numérique,Agatino Catarella,,10/Ago/2014,L,fr.wikipedia.org
17/giu/2014,Last Week Tonight with John Oliver,JRibaX,,10/22/2014,L+,fr.wikipedia.org
07/ago/2014,Banda della comasina,Éric Messel,"31,3",11/Ago/2014,par (no L),fr.wikipedia.org
07/ago/2014,Banda della comasina,Cantons-de-l'Est,"0,2",13/Ago/2014,L,fr.wikipedia.org
10/Ago/2014,Gerry Hutch,Éric Messel,"20,2",11/Ago/2014,par (no L),fr.wikipedia.org
10/Ago/2014,Gerry Hutch,Cantons-de-l'Est,"78,3",13/Ago/2014,L,fr.wikipedia.org