UTENTE,MODS,MINORS,FIRST MOD,LAST MOD,BYTE,NATION
Nicle-bux,12,2,4/4/2014,5/5/2014,25374,en.wikipedia.org
Olegwiki,7,0,6/6/2014,6/6/2014,6885,en.wikipedia.org
Jayen466,3,0,11/8/2014,11/8/2014,3213,en.wikipedia.org
Samatict,7,0,9/8/2014,9/8/2014,2103,en.wikipedia.org
RR 2014,5,1,6/6/2014,13/11/2014,1800,en.wikipedia.org
Jersey92,3,1,3/6/2014,14/11/2014,1057,en.wikipedia.org
Bender235,11,6,14/5/2014,17/5/2014,1007,en.wikipedia.org
Cyclopia,2,0,6/8/2014,6/8/2014,873,en.wikipedia.org
Pharaoh of the Wizards,3,0,7/8/2014,7/8/2014,542,en.wikipedia.org
Int21h,1,0,5/7/2014,5/7/2014,466,en.wikipedia.org
Nurg,1,0,28/6/2014,28/6/2014,17,en.wikipedia.org
Forevermore,9,2,"2012-02-11, 19:03","2014-06-03, 15:44",6.058,de.wikipedia.org
Jum51,18,0,"2013-07-25, 12:27","2014-07-03, 15:48",4.483,de.wikipedia.org
Dradicke,7,0,"2014-07-07, 08:59","2014-07-07, 09:11",1.467,de.wikipedia.org
Author0472,6,2,"2014-08-06, 14:13","2014-08-06, 15:15",1.277,de.wikipedia.org
46.114.56.224,4,0,"2014-05-13, 11:45","2014-05-13, 12:42",1.037,de.wikipedia.org
46.115.9.77,1,0,"2014-07-11, 20:33","2014-07-11, 20:33",439,de.wikipedia.org
84.174.237.161,1,0,"2014-09-21, 15:12","2014-09-21, 15:12",355,de.wikipedia.org
Atlasowa,1,0,"2014-07-03, 14:38","2014-07-03, 14:38",301,de.wikipedia.org
217.189.203.3,1,0,"2014-05-13, 16:49","2014-05-13, 16:49",247,de.wikipedia.org
46.114.154.54,1,0,"2014-07-03, 13:35","2014-07-03, 13:35",246,de.wikipedia.org
Pabloandrespalazzi,49,5,"2012-11-25, 01:07","2014-06-11, 17:34",6.386,es.wikipedia.org
Paulomirpuri,3,0,"2014-11-29, 13:47","2014-11-29, 14:53",712,es.wikipedia.org
Albertojuanse,3,0,"2014-05-13, 12:56","2014-05-24, 11:50",226,es.wikipedia.org
84.124.142.143,1,0,"2014-10-07, 13:01","2014-10-07, 13:01",175,es.wikipedia.org
Novitonti,1,0,"2014-05-28, 16:04","2014-05-28, 16:04",133,es.wikipedia.org
AldanaN,4,1,"2012-11-27, 01:54","2012-11-27, 02:10",72,es.wikipedia.org
193.147.239.254,1,0,"2013-11-13, 18:14","2013-11-13, 18:14",56,es.wikipedia.org
Mizardellorsa,89,82,"2007-09-17, 07:35","2014-11-03, 19:09",8.361,it.wikipedia.org
Nbsawe,14,0,"2009-07-02, 22:05","2009-07-02, 23:13",1.269,it.wikipedia.org
82.85.76.210,4,0,"2013-01-23, 10:35","2013-01-23, 10:59",1.094,it.wikipedia.org
Strategos,3,0,"2013-12-22, 11:39","2013-12-22, 11:41",946,it.wikipedia.org
Allelo,2,0,"2013-03-01, 17:08","2013-03-01, 17:10",797,it.wikipedia.org
Ornmasi,5,0,"2014-06-02, 08:43","2014-06-06, 08:12",655,it.wikipedia.org
Sentruper,4,2,"2012-12-20, 17:15","2013-03-03, 20:19",582,it.wikipedia.org
Soujak,2,2,"2014-06-04, 22:10","2014-06-04, 22:11",514,it.wikipedia.org
Dipa 89,2,0,"2011-04-28, 20:55","2011-04-28, 21:01",419,it.wikipedia.org
Praticante,12,0,"2009-09-21, 09:46","2009-11-19, 12:22",55,it.wikipedia.org
Gratus,10,4,"2014-08-10, 16:44","2014-11-29, 13:57",1.343,fr.wikipedia.org
Ralullec,1,0,"2014-10-29, 13:07","2014-10-29, 13:07",403,fr.wikipedia.org
Cantons-de-l'Est,1,1,"2014-11-29, 12:25","2014-11-29, 12:25",307,fr.wikipedia.org
Simon Villeneuve,2,2,"2014-08-10, 23:33","2014-08-10, 23:33",66,fr.wikipedia.org
Éric Messel,2,0,"2014-11-27, 23:55","2014-11-27, 23:56",60,fr.wikipedia.org