Id,Label,In-Degree,Out-Degree,Degree,Modularity Class
Anonymity application,Anonymity application,6,27,33,7
Anonymous blogging,Anonymous blogging,7,8,15,7
Anonymous P2P,Anonymous P2P,39,30,69,7
Anonymous remailer,Anonymous remailer,18,25,43,7
Anonymous web browsing,Anonymous web browsing,8,26,34,7
Data privacy,Data privacy,23,32,55,7
Data anonymization,Data anonymization,3,4,7,7
Internet privacy,Internet privacy,28,45,73,0
Crypto-anarchism,Crypto-anarchism,29,13,42,12
Privacy software,Privacy software,18,14,32,7
Privacy-enhancing technologies,Privacy-enhancing technologies,11,10,21,3
FLAIM,FLAIM,5,0,5,7
I2P,I2P,31,9,40,7
Onion routing,Onion routing,14,8,22,7
Tor (anonymity network),Tor (anonymity network),34,11,45,1
Pseudonymity,Pseudonymity,11,18,29,10
Pseudonymization,Pseudonymization,6,4,10,7
Digital identity,Digital identity,11,10,21,3
"On the Internet, nobody knows you're a dog","On the Internet, nobody knows you're a dog",4,4,8,4
Online reputation,Online reputation,2,10,12,4
User profile,User profile,4,4,8,3
Java Anon Proxy,Java Anon Proxy,9,4,13,7
Proxy server,Proxy server,7,11,18,1
Anonymity,Anonymity,17,27,44,7
Secure communication,Secure communication,15,16,31,2
Pseudonym,Pseudonym,3,5,8,10
Privacy,Privacy,20,36,56,3
Online identity,Online identity,9,18,27,4
De-identification,De-identification,4,1,5,7
De-anonymization,De-anonymization,2,0,2,7
k-anonymity,k-anonymity,5,3,8,7
Mixmaster anonymous remailer,Mixmaster anonymous remailer,6,11,17,7
Anonymous (group),Anonymous (group),17,21,38,6
Friend-to-friend,Friend-to-friend,19,3,22,7
Identity theft,Identity theft,18,34,52,9
John Doe,John Doe,11,17,28,6
Personally identifiable information,Personally identifiable information,7,6,13,7
Politics,Politics,2,3,5,7
Private P2P,Private P2P,8,4,12,7
Top-coded,Top-coded,2,4,6,7
Citizen journalism,Citizen journalism,8,20,28,5
Mix network,Mix network,3,0,3,7
Comparison of file sharing applications,Comparison of file sharing applications,8,9,17,6
Firewall (computing),Firewall (computing),4,21,25,8
HTTP cookie,HTTP cookie,3,12,15,10
OpenVPN,OpenVPN,7,8,15,8
Spyware,Spyware,3,5,8,9
Cypherpunk anonymous remailer,Cypherpunk anonymous remailer,5,11,16,7
Mixminion,Mixminion,5,11,16,7
Pseudonymous remailer,Pseudonymous remailer,7,12,19,7
Penet remailer,Penet remailer,6,6,12,7
Traffic analysis,Traffic analysis,15,10,25,0
Information privacy,Information privacy,14,32,46,7
Encryption,Encryption,3,10,13,7
GNU Privacy Guard,GNU Privacy Guard,9,23,32,10
Pretty Good Privacy,Pretty Good Privacy,12,13,25,10
Secure Shell,Secure Shell,7,8,15,10
Bitmessage,Bitmessage,2,9,11,7
Tor-ramdisk,Tor-ramdisk,5,9,14,7
Free Haven Project,Free Haven Project,6,0,6,7
Cypherpunk,Cypherpunk,16,0,16,12
Digital divide,Digital divide,6,22,28,4
Wireless community network,Wireless community network,5,17,22,11
Digital footprint,Digital footprint,2,10,12,3
E-Authentication,E-Authentication,3,10,13,12
Federated identity,Federated identity,3,2,5,3
Global Trust Center,Global Trust Center,5,0,5,3
Global Trust Council,Global Trust Council,2,0,2,3
Identity 2.0,Identity 2.0,4,11,15,3
Identity 3.0,Identity 3.0,2,0,2,3
Informational self-determination,Informational self-determination,3,0,3,0
Quantum cryptography,Quantum cryptography,5,0,5,10
Social map,Social map,4,0,4,3
Anarchism,Anarchism,6,4,10,12
Anarcho-capitalism,Anarcho-capitalism,4,10,14,12
Infoanarchism,Infoanarchism,2,7,9,12
Counter-economics,Counter-economics,2,3,5,12
Darknet (file sharing),Darknet (file sharing),13,20,33,12
Data haven,Data haven,2,12,14,12
Digital gold currency,Digital gold currency,6,9,15,12
Hacktivism,Hacktivism,19,27,46,12
Libertarianism,Libertarianism,5,23,28,12
Agorism,Agorism,5,7,12,12
Technological utopianism,Technological utopianism,2,18,20,12
Rendezvous protocol,Rendezvous protocol,7,0,7,7
Garlic routing,Garlic routing,6,0,6,7
Threat model,Threat model,5,19,24,2
Tor2web,Tor2web,9,4,13,1
Digital Inheritance,Digital Inheritance,4,6,10,7
Privacy enhancing technologies,Privacy enhancing technologies,7,10,17,7
Privacy Act (Canada),Privacy Act (Canada),6,14,20,0
Authentication,Authentication,16,45,61,3
Data security,Data security,11,15,26,2
Data retention,Data retention,8,6,14,0
Data Loss Prevention,Data Loss Prevention,6,0,6,7
Differential privacy,Differential privacy,11,3,14,7
Data Privacy Day,Data Privacy Day,5,0,5,0
Privacy International,Privacy International,7,1,8,7
International Association of Privacy Professionals,International Association of Privacy Professionals,4,0,4,7
Office of the Privacy Commissioner,Office of the Privacy Commissioner,4,0,4,7
Australia,Australia,4,4,8,7
Data Protection Commissioner,Data Protection Commissioner,4,0,4,7
Ireland,Ireland,4,2,6,7
Office of the Data Protection Supervisor,Office of the Data Protection Supervisor,4,0,4,7
Isle of Man,Isle of Man,4,3,7,7
CNIL,CNIL,4,2,6,7
France,France,5,0,5,7
National data protection authority,National data protection authority,5,0,5,7
European Union,European Union,9,4,13,7
European Free Trade Association,European Free Trade Association,5,5,10,7
Khaled El Emam,Khaled El Emam,4,0,4,7
Stefan Brands,Stefan Brands,4,0,4,7
Adam Back,Adam Back,4,2,6,7
Lance Cottrell,Lance Cottrell,4,2,6,7
Cynthia Dwork,Cynthia Dwork,4,0,4,7
Ian Goldberg,Ian Goldberg,4,2,6,7
Peter Gutmann (computer scientist),Peter Gutmann (computer scientist),4,3,7,7
Degree of anonymity,Degree of anonymity,2,4,6,7
Impression management,Impression management,13,18,31,4
Anonymous post,Anonymous post,3,4,7,0
Identity theft in the United States,Identity theft in the United States,2,1,3,0
Identity Theft Resource Center,Identity Theft Resource Center,3,18,21,9
Internet censorship,Internet censorship,28,65,93,1
Internet censorship circumvention,Internet censorship circumvention,4,11,15,0
Internet vigilantism,Internet vigilantism,4,4,8,0
Freenet,Freenet,14,17,31,12
GNUnet,GNUnet,4,13,17,0
Privacy policy,Privacy policy,4,0,4,3
PRISM,PRISM,3,20,23,0
Privacy law,Privacy law,9,8,17,0
Information privacy law,Information privacy law,3,3,6,0
Right to be forgotten,Right to be forgotten,2,10,12,0
Privacy Act 1988,Privacy Act 1988,5,3,8,0
Personal Information Protection and Electronic Documents Act,Personal Information Protection and Electronic Documents Act,2,1,3,0
Data Protection Directive,Data Protection Directive,5,15,20,0
Data Protection Act 1998,Data Protection Act 1998,6,6,12,0
Data protection (privacy) laws in Russia,Data protection (privacy) laws in Russia,2,0,2,0
Privacy laws of the United States,Privacy laws of the United States,2,22,24,0
Privacy Act of 1974,Privacy Act of 1974,2,5,7,0
Surveillance,Surveillance,24,46,70,0
Computer and network surveillance,Computer and network surveillance,6,38,44,0
Mass surveillance,Mass surveillance,39,25,64,0
2013 mass surveillance disclosures,2013 mass surveillance disclosures,10,3,13,0
Mass surveillance in the United Kingdom,Mass surveillance in the United Kingdom,17,2,19,0
Mass surveillance in the United States,Mass surveillance in the United States,20,4,24,0
Digital credential,Digital credential,5,12,17,3
Identity management,Identity management,20,31,51,3
Information processing,Information processing,3,2,5,3
Information security,Information security,24,20,44,3
Privacy-enhanced Electronic Mail,Privacy-enhanced Electronic Mail,3,3,6,3
Deep Web,Deep Web,4,8,12,1
Freedom of information,Freedom of information,21,31,52,1
Face (sociological concept),Face (sociological concept),2,4,6,4
Governance,Governance,4,21,25,4
Honour,Honour,2,13,15,4
Reputation management,Reputation management,7,5,12,3
Social capital,Social capital,7,10,17,4
Social software,Social software,5,21,26,0
Virtual community,Virtual community,10,31,41,0
Comparison of lightweight web servers,Comparison of lightweight web servers,4,3,7,1
Comparison of web servers,Comparison of web servers,4,3,7,1
Transparent SMTP proxy,Transparent SMTP proxy,3,5,8,1
Web accelerator,Web accelerator,5,0,5,1
Web cache,Web cache,3,4,7,1
Comparison of proxifiers,Comparison of proxifiers,2,0,2,1
Application layer firewall,Application layer firewall,2,7,9,1
Distributed Checksum Clearinghouse,Distributed Checksum Clearinghouse,2,0,2,1
Proxy list,Proxy list,3,0,3,1
SOCKS,SOCKS,2,0,2,1
Confidentiality,Confidentiality,6,17,23,10
Digital signature,Digital signature,5,12,17,10
Pseudepigraphy,Pseudepigraphy,2,1,3,10
Computer security,Computer security,26,40,66,2
Opportunistic encryption,Opportunistic encryption,8,12,20,2
Communications security,Communications security,4,9,13,2
Secure messaging,Secure messaging,3,10,13,2
Comparison of VoIP software,Comparison of VoIP software,5,2,7,2
Comparison of instant messaging clients,Comparison of instant messaging clients,10,7,17,2
Hepting vs. AT&T,Hepting vs. AT&T,3,16,19,2
Electronic Frontier Foundation,Electronic Frontier Foundation,13,19,32,2
AT&T Inc.,AT&T Inc.,3,20,23,2
NSA,NSA,8,16,24,2
Voice over IP,Voice over IP,6,27,33,2
NSA warrantless surveillance controversy,NSA warrantless surveillance controversy,12,26,38,2
Secret cell phone,Secret cell phone,2,19,21,2
Alter ego,Alter ego,3,11,14,10
t-closeness,t-closeness,2,3,5,7
l-diversity,l-diversity,2,3,5,7
Civil liberties,Civil liberties,3,16,19,3
Personality rights,Personality rights,2,6,8,3
Profiling (information science),Profiling (information science),4,12,16,3
Sousveillance,Sousveillance,6,6,12,0
Mass surveillance in Australia,Mass surveillance in Australia,5,12,17,3
Mass surveillance in China,Mass surveillance in China,2,0,2,3
Mass surveillance in India,Mass surveillance in India,2,1,3,3
Mass surveillance in East Germany,Mass surveillance in East Germany,2,2,4,3
Mass surveillance in North Korea,Mass surveillance in North Korea,2,10,12,3
Mass surveillance industry,Mass surveillance industry,2,0,2,3
Global surveillance,Global surveillance,4,3,7,3
2013 global surveillance disclosures,2013 global surveillance disclosures,4,3,7,3
Online and offline,Online and offline,2,14,16,4
Online identity management,Online identity management,6,12,18,3
Proteus effect,Proteus effect,2,0,2,6
Shibboleth (Internet2),Shibboleth (Internet2),2,0,2,4
Social web,Social web,7,0,7,0
Luther Blissett (nom de plume),Luther Blissett (nom de plume),2,2,4,6
Crowd psychology,Crowd psychology,2,22,24,6
Spontaneous order,Spontaneous order,2,13,15,6
Electronic civil disobedience,Electronic civil disobedience,7,7,14,6
Leaderless resistance,Leaderless resistance,2,5,7,6
Streisand effect,Streisand effect,5,7,12,6
Anonymous-OS,Anonymous-OS,2,1,3,6
LulzRaft,LulzRaft,3,0,3,6
Panopticon,Panopticon,4,7,11,6
Securax,Securax,3,0,3,6
RedHack,RedHack,2,30,32,6
Placeholder name,Placeholder name,4,8,12,6
Average Joe,Average Joe,5,12,17,6
Israel Israeli,Israel Israeli,2,2,4,6
Joe Bloggs,Joe Bloggs,6,8,14,6
Joe Shmoe,Joe Shmoe,4,11,15,6
John Q. Public,John Q. Public,5,7,12,6
Tommy Atkins,Tommy Atkins,2,13,15,6
LAN messenger,LAN messenger,8,8,16,7
2007 UK child benefit data misplacement,2007 UK child benefit data misplacement,2,0,2,9
201 CMR 17.00,201 CMR 17.00,3,0,3,9
Bank fraud,Bank fraud,5,10,15,9
Browser security,Browser security,5,5,10,9
Capgras delusion,Capgras delusion,3,6,9,9
Check fraud,Check fraud,3,9,12,9
Check washing,Check washing,3,3,6,9
Civil Identity Program of the Americas,Civil Identity Program of the Americas,2,2,4,9
Credit card fraud,Credit card fraud,4,16,20,9
Fair and Accurate Credit Transactions Act,Fair and Accurate Credit Transactions Act,5,25,30,9
Fair Credit Billing Act,Fair Credit Billing Act,4,3,7,9
Fair Credit Reporting Act,Fair Credit Reporting Act,5,13,18,9
FBI,FBI,6,13,19,9
Ghosting (identity theft),Ghosting (identity theft),3,0,3,9
Computer crime,Computer crime,4,26,30,9
Identity Based Security,Identity Based Security,10,3,13,9
Identity document forgery,Identity document forgery,3,2,5,9
Identity fraud,Identity fraud,4,0,4,9
Identity score,Identity score,3,0,3,9
Impostor,Impostor,2,10,12,9
Internet fraud prevention,Internet fraud prevention,2,0,2,9
Internet security,Internet security,5,12,17,9
Lapsed lurker,Lapsed lurker,2,17,19,9
Network security,Network security,10,15,25,9
Pharming,Pharming,4,4,8,9
Phishing,Phishing,7,12,19,9
RFID,RFID,4,16,20,9
Robert Siciliano,Robert Siciliano,2,0,2,9
Spam (electronic),Spam (electronic),3,35,38,9
Wireless identity theft,Wireless identity theft,3,4,7,9
Frank Abagnale,Frank Abagnale,2,5,7,9
Albert Gonzalez,Albert Gonzalez,2,0,2,9
Yuri Kondratyuk,Yuri Kondratyuk,2,2,4,9
spaceflight,spaceflight,2,6,8,9
Censoring (statistics),Censoring (statistics),2,5,7,7
Collaborative journalism,Collaborative journalism,2,15,17,5
Independent Media Center,Independent Media Center,2,2,4,5
Local news,Local news,2,5,7,5
Media democracy,Media democracy,4,13,17,5
Open source journalism,Open source journalism,5,10,15,5
Participatory Media,Participatory Media,3,3,6,5
Social news,Social news,4,2,6,5
Wiki journalism,Wiki journalism,3,0,3,5
Wikinews,Wikinews,3,0,3,5
Disk sharing,Disk sharing,5,7,12,6
File sharing in Canada,File sharing in Canada,2,14,16,6
File sharing timeline,File sharing timeline,4,0,4,6
File-sharing program,File-sharing program,3,9,12,6
Open Music Model,Open Music Model,11,10,21,6
Warez,Warez,5,6,11,6
Virtual private network,Virtual private network,7,16,23,12
Virtual Extensible LAN,Virtual Extensible LAN,2,6,8,7
NVGRE,NVGRE,2,2,4,7
Local Shared Object,Local Shared Object,2,5,7,10
Session ID,Session ID,3,1,4,10
Web visitor tracking,Web visitor tracking,2,2,4,10
Web bug,Web bug,3,8,11,10
Cyber spying,Cyber spying,8,13,21,0
Employee monitoring software,Employee monitoring software,4,11,15,9
Industrial espionage,Industrial espionage,8,7,15,9
Malware,Malware,5,13,18,9
Spy-phishing,Spy-phishing,2,5,7,9
Comparison of firewalls,Comparison of firewalls,5,2,7,8
Firewalls and Internet Security,Firewalls and Internet Security,2,0,2,8
Golden Shield Project,Golden Shield Project,7,12,19,1
Next-Generation Firewall,Next-Generation Firewall,4,3,7,2
Personal firewall,Personal firewall,2,6,8,8
Unidirectional network,Unidirectional network,2,0,2,8
Unified threat management,Unified threat management,2,5,7,8
Vulnerability scanner,Vulnerability scanner,2,0,2,8
OpenConnect,OpenConnect,2,0,2,8
UDP hole punching,UDP hole punching,2,7,9,8
Secure Socket Tunneling Protocol,Secure Socket Tunneling Protocol,3,7,10,8
BartVPN,BartVPN,3,0,3,8
SoftEther VPN,SoftEther VPN,4,3,7,8
Sintercom,Sintercom,2,0,2,7
The Law of Cyber-Space,The Law of Cyber-Space,2,1,3,7
Signals intelligence,Signals intelligence,9,10,19,0
Telecommunications data retention,Telecommunications data retention,10,13,23,0
Data warehouse,Data warehouse,3,24,27,0
Echelon (signals intelligence),Echelon (signals intelligence),2,21,23,0
Cold boot attack,Cold boot attack,2,0,2,7
Cyberspace Electronic Security Act,Cyberspace Electronic Security Act,2,1,3,7
Disk encryption,Disk encryption,5,9,14,2
Key management,Key management,5,15,20,7
Data loss prevention software,Data loss prevention software,2,0,2,0
Sanitization (classified information),Sanitization (classified information),3,4,7,0
Mozilla Firefox,Mozilla Firefox,2,5,7,7
Portable application creators,Portable application creators,2,12,14,7
E-mail privacy,E-mail privacy,6,26,32,10
GPGTools,GPGTools,4,4,8,10
PGP word list,PGP word list,5,0,5,10
Public-key cryptography,Public-key cryptography,4,15,19,10
X.509,X.509,2,13,15,10
ZRTP,ZRTP,5,4,9,10
Ident protocol,Ident protocol,2,5,7,10
Comparison of SSH clients,Comparison of SSH clients,3,2,5,10
Comparison of SSH servers,Comparison of SSH servers,3,1,4,10
HTTPS,HTTPS,5,9,14,10
proxy server,proxy server,3,11,14,10
Bitcoin,Bitcoin,5,6,11,7
Off-the-Record Messaging,Off-the-Record Messaging,3,0,3,10
Social engineering (security),Social engineering (security),3,16,19,9
Behavioral targeting,Behavioral targeting,3,4,7,3
Reality mining,Reality mining,2,8,10,3
Targeted marketing,Targeted marketing,2,0,2,3
Claims-based identity,Claims-based identity,2,3,5,3
Enigmail,Enigmail,4,2,6,10
Gpg4win,Gpg4win,2,1,3,10
GPGMail,GPGMail,4,4,8,10
Key signing party,Key signing party,2,3,5,10
Web of trust,Web of trust,3,4,7,10
E-democracy,E-democracy,13,35,48,12
E-participation,E-participation,8,22,30,12
E-Government Unit,E-Government Unit,2,0,2,12
Electronic services delivery,Electronic services delivery,2,1,3,12
eRulemaking,eRulemaking,4,2,6,12
Online consultation,Online consultation,5,12,17,12
Online deliberation,Online deliberation,11,13,24,0
Transformational Government,Transformational Government,2,0,2,12
Digital Government Society of North America,Digital Government Society of North America,2,0,2,12
Digital Identity,Digital Identity,2,10,12,3
Information Card,Information Card,4,8,12,3
Light-Weight Identity,Light-Weight Identity,4,2,6,3
Security Assertion Markup Language,Security Assertion Markup Language,7,15,22,3
XRI,XRI,3,8,11,3
XDI,XDI,2,4,6,3
Anarchist symbolism,Anarchist symbolism,2,3,5,12
Anarcho-capitalist symbolism,Anarcho-capitalist symbolism,2,3,5,12
Anarcho-capitalism and minarchism,Anarcho-capitalism and minarchism,4,3,7,12
Anarchism and anarcho-capitalism,Anarchism and anarcho-capitalism,3,1,4,12
Anarchism and capitalism,Anarchism and capitalism,3,8,11,12
Austrian School,Austrian School,2,3,5,12
Individualist anarchism,Individualist anarchism,2,3,5,12
Voluntaryism,Voluntaryism,2,5,7,12
Copyleft,Copyleft,5,16,21,1
Free culture movement,Free culture movement,6,11,17,12
Open society,Open society,4,14,18,12
Peer-to-peer file sharing,Peer-to-peer file sharing,3,13,16,12
Pirate Party,Pirate Party,5,0,5,12
Wikileaks,Wikileaks,4,17,21,12
Alternative currency,Alternative currency,4,12,16,12
Economic secession,Economic secession,2,16,18,12
Futarchy,Futarchy,2,0,2,12
Propaganda of the deed,Propaganda of the deed,2,3,5,12
Tontine,Tontine,3,0,3,12
Digital currency exchanger,Digital currency exchanger,2,4,6,12
Full-reserve banking,Full-reserve banking,4,7,11,12
Gold as an investment,Gold as an investment,7,11,18,12
Silver as an investment,Silver as an investment,2,12,14,12
Mutualism (economic theory),Mutualism (economic theory),5,8,13,12
Eschatology,Eschatology,2,19,21,12
Immanentize the eschaton,Immanentize the eschaton,2,1,3,12
Millennialism,Millennialism,2,10,12,12
Neo-Luddism,Neo-Luddism,2,14,16,12
Post scarcity,Post scarcity,3,5,8,12
Singularitarianism,Singularitarianism,2,6,8,12
Technocracy,Technocracy,2,21,23,12
Technological singularity,Technological singularity,2,10,12,12
Transhumanism,Transhumanism,5,7,12,12
Peer-to-peer,Peer-to-peer,9,9,18,6
Private peer-to-peer,Private peer-to-peer,2,4,6,7
Turtle F2F,Turtle F2F,3,5,8,12
Gnunet,Gnunet,2,13,15,7
GlobaLeaks,GlobaLeaks,3,7,10,1
Digital estate,Digital estate,2,3,5,7
Executor,Executor,2,5,7,7
Inheritance,Inheritance,4,11,15,7
Trustee,Trustee,3,3,6,7
Will (law),Will (law),2,13,15,7
Secret sharing,Secret sharing,5,9,14,3
Data erasure,Data erasure,2,11,13,2
Data recovery,Data recovery,2,14,16,2
Digital inheritance,Digital inheritance,3,6,9,2
Single sign-on,Single sign-on,9,4,13,3
Smart card,Smart card,3,23,26,2
Trusted Computing Group,Trusted Computing Group,3,0,3,2
Data Retention Directive,Data Retention Directive,3,5,8,0
Computer data storage,Computer data storage,2,28,30,13
Tourism in Australia,Tourism in Australia,2,7,9,7
Visa policy of Australia,Visa policy of Australia,2,4,6,7
Euro-Mediterranean free trade area,Euro-Mediterranean free trade area,2,7,9,7
European Union Association Agreement,European Union Association Agreement,2,6,8,7
European Union free trade agreements,European Union free trade agreements,3,7,10,7
Free trade areas in Europe,Free trade areas in Europe,4,5,9,7
Digital divide in China,Digital divide in China,2,4,6,4
Digital rights,Digital rights,13,29,42,1
Global Internet usage,Global Internet usage,2,2,4,4
Knowledge divide,Knowledge divide,2,4,6,4
National broadband plans from around the world,National broadband plans from around the world,2,3,5,4
One Laptop per Child,One Laptop per Child,2,9,11,4
World Summit on the Information Society,World Summit on the Information Society,4,15,19,4
United Nations Information and Communication Technologies Task Force,United Nations Information and Communication Technologies Task Force,2,3,5,4
Computer network,Computer network,6,6,12,11
Netsukuku,Netsukuku,8,0,8,11
Wireless LAN Security,Wireless LAN Security,2,9,11,11
B.A.T.M.A.N.,B.A.T.M.A.N.,3,7,10,11
Delay-tolerant networking,Delay-tolerant networking,2,1,3,11
IEEE 802.1aq,IEEE 802.1aq,6,3,9,11
ZigBee,ZigBee,2,9,11,11
IQRF,IQRF,2,0,2,11
Open Garden,Open Garden,2,4,6,11
Serval project,Serval project,2,0,2,11
Wireless mesh network,Wireless mesh network,4,28,32,11
Mobile ad hoc network,Mobile ad hoc network,3,7,10,11
MeshBox,MeshBox,2,5,7,11
Distributed computing,Distributed computing,2,18,20,12
Culture jamming,Culture jamming,2,5,7,12
Hacker culture,Hacker culture,2,5,7,12
Hacker ethic,Hacker ethic,2,7,9,12
Internet activism,Internet activism,13,15,28,1
Open source government,Open source government,2,23,25,12
Patriot hacking,Patriot hacking,2,17,19,12
Reality hacking,Reality hacking,2,27,29,12
Tactical media,Tactical media,2,0,2,12
1984 network liberty alliance,1984 network liberty alliance,2,2,4,12
Chaos Computer Club,Chaos Computer Club,4,9,13,12
Cicada 3301,Cicada 3301,2,4,6,12
Cult of the Dead Cow,Cult of the Dead Cow,3,8,11,12
Decocidio,Decocidio,2,6,8,12
The Jester (hacktivist),The Jester (hacktivist),2,0,2,12
LulzSec,LulzSec,3,8,11,12
milw0rm,milw0rm,3,2,5,12
Telecomix,Telecomix,2,5,7,12
Citizen Lab,Citizen Lab,2,0,2,12
HackThisSite,HackThisSite,2,5,7,12
Project Chanology,Project Chanology,3,7,10,12
Script kiddie,Script kiddie,2,5,7,12
Berlin,Berlin,2,1,3,0
Internet,Internet,3,10,13,0
GNU,GNU,2,4,6,0
Share (P2P),Share (P2P),5,3,8,12
Winny,Winny,5,3,8,12
Criticism of libertarianism,Criticism of libertarianism,2,3,5,12
Civil libertarianism,Civil libertarianism,2,2,4,12
Debates within libertarianism,Debates within libertarianism,2,2,4,12
Green libertarianism,Green libertarianism,2,7,9,12
Left-libertarianism,Left-libertarianism,4,11,15,12
Libertarian socialism,Libertarian socialism,4,2,6,12
Libertarian Marxism,Libertarian Marxism,2,0,2,12
Geolibertarianism,Geolibertarianism,6,6,12,12
Libertarianism in South Africa,Libertarianism in South Africa,3,5,8,12
Libertarianism in the United Kingdom,Libertarianism in the United Kingdom,3,4,7,12
Libertarianism in the United States,Libertarianism in the United States,3,2,5,12
Paleolibertarianism,Paleolibertarianism,2,5,7,12
Privacy Commissioner of Canada,Privacy Commissioner of Canada,2,0,2,0
Center for Democracy and Technology,Center for Democracy and Technology,3,5,8,0
Electronic Communications Privacy Act,Electronic Communications Privacy Act,4,10,14,0
International human rights law,International human rights law,4,18,22,0
International human rights instruments,International human rights instruments,2,7,9,0
Telecommunications (Interception and Access) Act 1979,Telecommunications (Interception and Access) Act 1979,3,6,9,0
Telecommunications Act 1997,Telecommunications Act 1997,3,6,9,0
Surveillance Devices Act 2004,Surveillance Devices Act 2004,3,5,8,0
Application security,Application security,2,9,11,2
Attack tree,Attack tree,4,7,11,2
Computer insecurity,Computer insecurity,13,40,53,2
Information assurance,Information assurance,4,17,21,2
IT risk,IT risk,18,41,59,2
Risk assessment,Risk assessment,2,35,37,2
Risk management,Risk management,3,43,46,2
Security engineering,Security engineering,8,33,41,2
Software Security Assurance,Software Security Assurance,3,6,9,2
Threat (computer),Threat (computer),8,8,16,2
Vulnerability (computing),Vulnerability (computing),9,6,15,2
European Convention on Human Rights,European Convention on Human Rights,2,7,9,0
Information Privacy Laws,Information Privacy Laws,2,3,5,0
Carnivore (FBI),Carnivore (FBI),9,10,19,0
ECHELON,ECHELON,24,21,45,0
Hepting v. AT&T,Hepting v. AT&T,18,16,34,0
IPFabrics,IPFabrics,2,0,2,0
Lawful interception,Lawful interception,11,8,19,0
Magic Lantern (software),Magic Lantern (software),11,10,21,0
Secrecy of correspondence,Secrecy of correspondence,6,8,14,0
SORM,SORM,5,5,10,0
Telecommunications Intercept and Collection Technology Unit,Telecommunications Intercept and Collection Technology Unit,2,4,6,0
Telephone tapping,Telephone tapping,6,6,12,0
Total Information Awareness,Total Information Awareness,9,4,13,0
Verint,Verint,2,6,8,0
Internet censorship in the United Kingdom,Internet censorship in the United Kingdom,3,6,9,0
Pentagon Papers,Pentagon Papers,4,7,11,0
Room 641A,Room 641A,13,10,23,0
United States diplomatic cables leak,United States diplomatic cables leak,3,5,8,0
Info Source,Info Source,2,0,2,0
Censorship in the United States,Censorship in the United States,2,52,54,0
Freedom of speech in the United States,Freedom of speech in the United States,2,18,20,0
Anonymous internet banking,Anonymous internet banking,3,8,11,3
Smart contract,Smart contract,3,7,10,3
Access Control Service,Access Control Service,3,2,5,3
Athens access and identity management,Athens access and identity management,2,4,6,3
Authorization,Authorization,4,10,14,3
Biometrics,Biometrics,6,29,35,3
CAPTCHA,CAPTCHA,4,3,7,3
Diameter (protocol),Diameter (protocol),2,1,3,3
Extensible Authentication Protocol,Extensible Authentication Protocol,2,3,5,3
Geolocation,Geolocation,2,11,13,3
Identification (information),Identification (information),2,6,8,3
Kerberos (protocol),Kerberos (protocol),5,7,12,3
Multi-factor authentication,Multi-factor authentication,4,4,8,3
OAuth,OAuth,4,5,9,3
OpenID,OpenID,9,19,28,3
OpenID Connect,OpenID Connect,3,1,4,3
RADIUS,RADIUS,2,6,8,3
Reliance authentication,Reliance authentication,4,4,8,3
Secure remote password protocol,Secure remote password protocol,2,0,2,3
Security printing,Security printing,2,6,8,3
Strong authentication,Strong authentication,4,4,8,3
Tamper-evident,Tamper-evident,2,10,12,3
TCP Wrapper,TCP Wrapper,2,5,7,3
Two-factor authentication,Two-factor authentication,3,4,7,3
Dignitas (Roman concept),Dignitas (Roman concept),2,5,7,4
Shame society,Shame society,2,7,9,4
Izzat (honor),Izzat (honor),2,2,4,4
Reputation capital,Reputation capital,4,4,8,3
Spin (public relations),Spin (public relations),2,13,15,4
Cultural economics,Cultural economics,2,11,13,4
Human capital,Human capital,2,13,15,4
Embedded HTTP server,Embedded HTTP server,2,3,5,1
Comparison of application servers,Comparison of application servers,4,4,8,1
Gunicorn (HTTP server),Gunicorn (HTTP server),2,2,4,1
X-Originating-IP,X-Originating-IP,2,3,5,1
Content-control software,Content-control software,8,17,25,1
Reverse proxy,Reverse proxy,2,0,2,1
Internet Cache Protocol,Internet Cache Protocol,2,0,2,1
Character mask,Character mask,2,6,8,4
Charm offensive,Charm offensive,2,12,14,4
Ingratiation,Ingratiation,3,3,6,4
Personal branding,Personal branding,2,4,6,3
Superficial charm,Superficial charm,2,12,14,4
Stigma management,Stigma management,3,16,19,4
CIRCAMP,CIRCAMP,2,0,2,1
Financial Coalition Against Child Pornography,Financial Coalition Against Child Pornography,3,0,3,1
Freedom House,Freedom House,2,5,7,1
Global Internet Freedom Consortium,Global Internet Freedom Consortium,2,4,6,1
Global Internet Freedom Task Force,Global Internet Freedom Task Force,3,3,6,1
United States Department of State,United States Department of State,3,8,11,1
International Freedom of Expression Exchange,International Freedom of Expression Exchange,8,4,12,1
Tunisia Monitoring Group,Tunisia Monitoring Group,2,2,4,1
Internet Governance Forum,Internet Governance Forum,3,2,5,1
Peacefire,Peacefire,3,0,3,1
Transparency (social),Transparency (social),4,15,19,1
Reporters sans fronti‚àö√â¬¨¬Æres,Reporters sans fronti‚àö√â¬¨¬Æres,3,17,20,1
Reporters Without Borders,Reporters Without Borders,3,17,20,1
Accountability software,Accountability software,4,7,11,1
Anti-copyright,Anti-copyright,5,15,20,1
Cleanfeed (content blocking system),Cleanfeed (content blocking system),2,6,8,1
Computer surveillance,Computer surveillance,7,38,45,0
Cyber-dissident,Cyber-dissident,5,16,21,1
Internet safety,Internet safety,5,15,20,1
Anti-Counterfeiting Trade Agreement,Anti-Counterfeiting Trade Agreement,9,27,36,1
Communications Decency Act,Communications Decency Act,2,5,7,1
Black World Wide Web protest,Black World Wide Web protest,2,2,4,1
Digital Millennium Copyright Act,Digital Millennium Copyright Act,3,38,41,1
Copyright Directive,Copyright Directive,2,3,5,1
New Zealand Internet Blackout,New Zealand Internet Blackout,3,1,4,1
Italian Wikipedia#2011 mass blanking protest,Italian Wikipedia#2011 mass blanking protest,2,0,2,1
PROTECT IP Act,PROTECT IP Act,2,14,16,1
Stop Online Piracy Act,Stop Online Piracy Act,10,15,25,1
Protests against SOPA and PIPA,Protests against SOPA and PIPA,4,6,10,1
Trans-Pacific Partnership,Trans-Pacific Partnership,7,13,20,1
Parental controls,Parental controls,4,9,13,1
Political repression of cyber-dissidents,Political repression of cyber-dissidents,6,8,14,1
Right to Internet access,Right to Internet access,3,9,12,1
Splinternet,Splinternet,5,3,8,1
Cryptography,Cryptography,7,5,12,10
Meatspace,Meatspace,2,9,11,10
Distributed file system,Distributed file system,2,11,13,12
Perfect Dark (P2P),Perfect Dark (P2P),3,4,7,12
Electronic lab notebook,Electronic lab notebook,2,3,5,10
Electronic signature,Electronic signature,2,1,3,10
Public key infrastructure,Public key infrastructure,6,0,6,10
Tempora,Tempora,3,8,11,0
Government Communications Headquarters,Government Communications Headquarters,5,11,16,0
Economic espionage,Economic espionage,2,7,9,0
Fourth Amendment to the United States Constitution,Fourth Amendment to the United States Constitution,2,4,6,0
INDECT,INDECT,3,2,5,0
Information Awareness Office,Information Awareness Office,9,17,26,0
DARPA,DARPA,2,28,30,0
Law Enforcement Information Exchange,Law Enforcement Information Exchange,3,2,5,0
Muscular (surveillance program),Muscular (surveillance program),2,8,10,0
NSA call database,NSA call database,17,15,32,0
Call detail record,Call detail record,3,9,12,0
TURBINE (US government project),TURBINE (US government project),3,2,5,0
Utah Data Center,Utah Data Center,6,9,15,0
HTLINGUAL,HTLINGUAL,4,0,4,0
CIA,CIA,6,13,19,0
National Security Agency,National Security Agency,8,16,24,0
AT&T,AT&T,3,20,23,2
Tenth Amendment to the United States Constitution,Tenth Amendment to the United States Constitution,2,2,4,0
Health Insurance Portability and Accountability Act,Health Insurance Portability and Accountability Act,3,0,3,0
Safe harbor (law),Safe harbor (law),2,0,2,0
Information technology audit,Information technology audit,2,10,12,0
International Safe Harbor Privacy Principles,International Safe Harbor Privacy Principles,2,4,6,0
Data governance,Data governance,2,15,17,0
Anonymizer,Anonymizer,5,7,12,0
Computer surveillance in the workplace,Computer surveillance in the workplace,3,7,10,0
AUSCANNZUKUS,AUSCANNZUKUS,4,7,11,0
GhostNet,GhostNet,4,9,13,0
Bullrun (code name),Bullrun (code name),5,10,15,0
COINTELPRO,COINTELPRO,9,41,50,0
Computer and Internet Protocol Address Verifier,Computer and Internet Protocol Address Verifier,7,9,16,0
Dropmire,Dropmire,6,1,7,0
whistleblowers,whistleblowers,3,9,12,0
William Binney (U.S. intelligence official),William Binney (U.S. intelligence official),9,9,18,0
Thomas Andrews Drake,Thomas Andrews Drake,12,11,23,0
Mark Klein,Mark Klein,10,11,21,0
Edward Snowden,Edward Snowden,17,18,35,0
Thomas Tamm,Thomas Tamm,13,8,21,0
Russ Tice,Russ Tice,14,2,16,0
Spying on United Nations leaders by United States diplomats,Spying on United Nations leaders by United States diplomats,5,1,6,0
Stellar Wind (code name),Stellar Wind (code name),11,7,18,0
President's Surveillance Program,President's Surveillance Program,8,0,8,0
Tailored Access Operations,Tailored Access Operations,5,16,21,0
Terrorist Surveillance Program,Terrorist Surveillance Program,9,16,25,0
Defense Advanced Research Projects Agency,Defense Advanced Research Projects Agency,5,28,33,0
TEMPEST,TEMPEST,5,6,11,0
Jewel v. NSA,Jewel v. NSA,4,5,9,0
Mail Isolation Control and Tracking,Mail Isolation Control and Tracking,3,3,6,0
Mail cover,Mail cover,2,3,5,0
Broken windows theory,Broken windows theory,2,9,11,0
Closed-circuit television,Closed-circuit television,3,23,26,0
Discipline and Punish,Discipline and Punish,2,8,10,0
Michel Foucault,Michel Foucault,3,11,14,0
Government databases,Government databases,4,5,9,0
National security,National security,3,13,16,0
Network theory,Network theory,3,16,19,0
Nothing to hide argument,Nothing to hide argument,2,3,5,0
Pen register,Pen register,4,2,6,0
Phone surveillance,Phone surveillance,2,3,5,0
Police state,Police state,3,8,11,0
Radio-frequency identification,Radio-frequency identification,3,16,19,0
Right to privacy,Right to privacy,4,1,5,0
Security culture,Security culture,3,7,10,0
Telephone tapping in the Eastern Bloc,Telephone tapping in the Eastern Bloc,4,0,4,0
Tracking system,Tracking system,4,12,16,0
Collective intelligence,Collective intelligence,6,52,58,0
Enterprise bookmarking,Enterprise bookmarking,5,13,18,0
Geosocial networking,Geosocial networking,3,4,7,0
Internet think tanks,Internet think tanks,2,5,7,0
Mass collaboration,Mass collaboration,7,5,12,0
Mobile social network,Mobile social network,2,4,6,0
Personal Network,Personal Network,5,0,5,0
Professional network service,Professional network service,5,7,12,0
Social aspects of television,Social aspects of television,3,9,12,0
Social bookmark link generator,Social bookmark link generator,2,2,4,0
Social identity,Social identity,3,14,17,0
Social media,Social media,16,16,32,0
Social television,Social television,2,7,9,0
Computer Security,Computer Security,2,40,42,2
Identity driven networking,Identity driven networking,3,6,9,3
Identity management systems,Identity management systems,3,16,19,3
Initiative For Open Authentication,Initiative For Open Authentication,2,2,4,3
Mobile identity management,Mobile identity management,2,4,6,3
Mutual authentication,Mutual authentication,5,6,11,3
SAML 2.0,SAML 2.0,4,3,7,3
SAML-based products and services,SAML-based products and services,5,0,5,3
Enterprise information security architecture,Enterprise information security architecture,2,4,6,3
Information security audit,Information security audit,2,3,5,3
Information security management system,Information security management system,3,24,27,3
Information security policies,Information security policies,2,20,22,3
Information security standards,Information security standards,2,0,2,3
Information technology security audit,Information technology security audit,3,8,11,3
ITIL security management,ITIL security management,2,1,3,3
Mobile security,Mobile security,9,7,16,3
Network Security Services,Network Security Services,2,2,4,3
Security bug,Security bug,2,5,7,3
Security information management,Security information management,2,9,11,3
Security of Information Act,Security of Information Act,4,3,7,3
Security level management,Security level management,2,2,4,3
Security service (telecommunication),Security service (telecommunication),2,23,25,3
Verification and validation,Verification and validation,2,14,16,3
International Right to Know Day,International Right to Know Day,2,3,5,1
Action For Economic Reforms,Action For Economic Reforms,2,0,2,1
Citizen oversight,Citizen oversight,2,1,3,1
Directorate-General for Information Society and Media (European Commission),Directorate-General for Information Society and Media (European Commission),4,9,13,1
Forbidden number,Forbidden number,2,8,10,1
Free Information Infrastructure,Free Information Infrastructure,3,15,18,1
Information,Information,2,40,42,1
Information activist,Information activist,3,6,9,1
Information wants to be free,Information wants to be free,6,21,27,1
Intellectual property,Intellectual property,2,6,8,1
Market for loyalties theory,Market for loyalties theory,2,4,6,1
Medical law,Medical law,2,23,25,1
Openness,Openness,4,25,29,1
Right to know,Right to know,3,0,3,1
Transparency (humanities),Transparency (humanities),3,15,18,1
Sigmund Freud,Sigmund Freud,3,16,19,4
Carl Jung,Carl Jung,2,37,39,4
Otto Rank,Otto Rank,2,0,2,4
Ahamkara,Ahamkara,2,10,12,4
Collective unconscious,Collective unconscious,2,8,10,6
Consciousness,Consciousness,5,36,41,4
Egolessness,Egolessness,2,17,19,4
Existentialism,Existentialism,2,8,10,4
Ho'oponopono,Ho'oponopono,4,0,4,4
Personhood,Personhood,2,4,6,4
Psychodynamics,Psychodynamics,3,6,9,4
Self (psychology),Self (psychology),2,12,14,4
Clan (computer gaming),Clan (computer gaming),3,0,3,0
Commons-based peer production,Commons-based peer production,5,25,30,0
Community of practice,Community of practice,5,23,28,0
Comparison of online dating websites,Comparison of online dating websites,2,4,6,0
Digital altruism,Digital altruism,3,26,29,0
Immersion (virtual reality),Immersion (virtual reality),3,16,19,0
Learner generated context,Learner generated context,3,0,3,0
Network of practice,Network of practice,5,8,13,0
Online community manager,Online community manager,4,12,16,0
Online ethnography,Online ethnography,4,7,11,0
Online research community,Online research community,6,9,15,0
Support group,Support group,3,11,14,0
Video game culture,Video game culture,3,7,10,0
Virtual community of practice,Virtual community of practice,4,7,11,0
Customer engagement,Customer engagement,2,1,3,0
Folksonomy,Folksonomy,2,6,8,0
Knowledge management,Knowledge management,4,12,16,0
Participatory media,Participatory media,2,3,5,0
Social bookmarking,Social bookmarking,4,9,13,0
Agency cost,Agency cost,4,1,5,4
Collaborative governance,Collaborative governance,6,4,10,12
Internet governance,Internet governance,2,30,32,1
Governmentality,Governmentality,2,3,5,0
Participatory democracy,Participatory democracy,4,24,28,12
Secrecy,Secrecy,4,18,22,10
Trade secret,Trade secret,3,4,7,10
Classified information,Classified information,3,11,14,10
Confidentiality club,Confidentiality club,2,0,2,10
Fiduciary,Fiduciary,2,13,15,10
Integrity,Integrity,3,4,7,10
Media transparency,Media transparency,7,34,41,10
Privilege (evidence),Privilege (evidence),2,13,15,10
Doctrine of mental reservation,Doctrine of mental reservation,2,7,9,10
Symmetric-key cryptography,Symmetric-key cryptography,3,0,3,10
Books on cryptography,Books on cryptography,3,0,3,10
Identity based encryption,Identity based encryption,3,1,4,10
Key-agreement protocol,Key-agreement protocol,3,12,15,10
Key escrow,Key escrow,3,5,8,10
Public key fingerprint,Public key fingerprint,3,7,10,10
Secure Sockets Layer,Secure Sockets Layer,3,14,17,10
Threshold cryptosystem,Threshold cryptosystem,3,3,6,10
IPsec,IPsec,5,5,10,2
Secure Real-time Transport Protocol,Secure Real-time Transport Protocol,2,1,3,2
tcpcrypt,tcpcrypt,4,3,7,2
Email authentication,Email authentication,4,5,9,2
Transport Layer Security,Transport Layer Security,3,14,17,10
Comparison of audio coding formats,Comparison of audio coding formats,2,6,8,2
Comparison of instant messaging protocols,Comparison of instant messaging protocols,5,5,10,7
Comparison of Internet Relay Chat clients,Comparison of Internet Relay Chat clients,3,4,7,2
Comparison of LAN messengers,Comparison of LAN messengers,5,6,11,7
Windows Messenger service,Windows Messenger service,4,4,8,7
CERT Coordination Center,CERT Coordination Center,4,2,6,2
CertiVox,CertiVox,3,0,3,2
Cloud computing security,Cloud computing security,4,0,4,2
Comparison of antivirus software,Comparison of antivirus software,6,10,16,2
Computer security model,Computer security model,3,0,3,2
Countermeasure (computer),Countermeasure (computer),6,12,18,2
Cyber security standards,Cyber security standards,4,17,21,2
Dancing pigs,Dancing pigs,3,2,5,2
Data loss prevention products,Data loss prevention products,3,0,3,2
Differentiated security,Differentiated security,3,3,6,2
Exploit (computer security),Exploit (computer security),9,8,17,2
Fault tolerance,Fault tolerance,3,24,27,2
Human-computer interaction (security),Human-computer interaction (security),3,0,3,2
Information Leak Prevention,Information Leak Prevention,4,0,4,2
ISO/IEC 15408,ISO/IEC 15408,4,9,13,2
Network Security Toolkit,Network Security Toolkit,4,3,7,2
Open security,Open security,4,6,10,2
OWASP,OWASP,5,1,6,2
Penetration test,Penetration test,8,8,16,2
Physical information security,Physical information security,5,2,7,2
Presumed security,Presumed security,3,0,3,2
Proactive Cyber Defence,Proactive Cyber Defence,4,1,5,2
Risk cybernetics,Risk cybernetics,4,0,4,2
Sandbox (computer security),Sandbox (computer security),3,1,4,2
Separation of protection and security,Separation of protection and security,5,4,9,2
Software Defined Perimeter,Software Defined Perimeter,3,5,8,2
PRISM (surveillance program),PRISM (surveillance program),20,20,40,0
Foreign Intelligence Surveillance Act,Foreign Intelligence Surveillance Act,6,8,14,2
signals intelligence,signals intelligence,2,10,12,0
Audio over IP,Audio over IP,2,0,2,2
Capillary routing,Capillary routing,2,2,4,2
Integrated services,Integrated services,2,0,2,2
Internet fax,Internet fax,2,2,4,2
IP Multimedia Subsystem,IP Multimedia Subsystem,4,19,23,2
Mobile VoIP,Mobile VoIP,5,9,14,2
Push-button telephone,Push-button telephone,3,5,8,2
RTP audio video profile,RTP audio video profile,2,3,5,2
Secure telephone,Secure telephone,4,8,12,2
Session Initiation Protocol,Session Initiation Protocol,4,21,25,2
AT&T Corporation,AT&T Corporation,4,2,6,2
AT&T Internet Services,AT&T Internet Services,3,0,3,2
AT&T Mobility,AT&T Mobility,3,0,3,2
att.net,att.net,3,0,3,2
Bell System,Bell System,4,8,12,2
Bell System Divestiture,Bell System Divestiture,3,2,5,2
Cask (company),Cask (company),3,5,8,2
Cricket Wireless,Cricket Wireless,3,3,6,2
Lists of public utilities,Lists of public utilities,3,3,6,2
Modification of Final Judgment,Modification of Final Judgment,3,4,7,2
NSA warrantless surveillance,NSA warrantless surveillance,3,26,29,2
Pacific Bell,Pacific Bell,3,0,3,2
PRX (telephony),PRX (telephony),3,0,3,2
Regional Bell Operating Company,Regional Bell Operating Company,4,3,7,2
Toktumi,Toktumi,3,0,3,2
Tying of the iPhone to AT&T,Tying of the iPhone to AT&T,3,1,4,2
Information technology in India,Information technology in India,3,6,9,2
United States v. AT&T,United States v. AT&T,3,0,3,2
Clipper chip,Clipper chip,2,5,7,2
Digital rights management,Digital rights management,5,33,38,1
Electronic Frontier Canada,Electronic Frontier Canada,2,0,2,2
Electronic Frontiers Australia,Electronic Frontiers Australia,2,2,4,2
Free Software Foundation,Free Software Foundation,2,9,11,2
Hardware restrictions,Hardware restrictions,4,2,6,2
Information freedom,Information freedom,4,31,35,1
League for Programming Freedom,League for Programming Freedom,2,0,2,2
OpenMedia.ca,OpenMedia.ca,2,0,2,2
Open Rights Group,Open Rights Group,3,7,10,2
Protection of Broadcasts and Broadcasting Organizations Treaty,Protection of Broadcasts and Broadcasting Organizations Treaty,3,17,20,2
Who Controls the Internet?,Who Controls the Internet?,4,2,6,2
Customer proprietary network information,Customer proprietary network information,4,7,11,0
Mobile broadband,Mobile broadband,3,12,15,2
Mobile Internet device,Mobile Internet device,2,11,13,2
Optical head-mounted display,Optical head-mounted display,2,10,12,2
OpenBTS,OpenBTS,2,4,6,2
Personal Handy-phone System,Personal Handy-phone System,2,1,3,2
Rechargeable battery,Rechargeable battery,2,4,6,2
Tethering,Tethering,2,7,9,2
Five Eyes,Five Eyes,5,12,17,0
Australian Signals Directorate,Australian Signals Directorate,3,7,10,2
Communications Security Establishment Canada,Communications Security Establishment Canada,3,15,18,2
Ministry of State Security (China),Ministry of State Security (China),3,1,4,2
Stasi,Stasi,4,15,19,2
East Germany,East Germany,3,40,43,2
National Counter Terrorism Centre,National Counter Terrorism Centre,3,0,3,2
Garda National Surveillance Unit,Garda National Surveillance Unit,3,4,7,2
Government Communications Security Bureau,Government Communications Security Bureau,4,4,8,2
Special Communications Service of Russia,Special Communications Service of Russia,3,4,7,2
Internal Security Department (Singapore),Internal Security Department (Singapore),3,1,4,2
Gulf of Tonkin incident,Gulf of Tonkin incident,3,4,7,2
Korean Air Lines Flight 007,Korean Air Lines Flight 007,3,5,8,2
Operation Ivy Bells,Operation Ivy Bells,5,1,6,0
National Intelligence Priorities Framework,National Intelligence Priorities Framework,3,1,4,2
Clapper v. Amnesty International,Clapper v. Amnesty International,4,6,10,2
Criticism of the War on Terror,Criticism of the War on Terror,3,18,21,2
Data mining,Data mining,5,42,47,0
Deep packet inspection,Deep packet inspection,5,12,17,1
Michael Hayden (general),Michael Hayden (general),3,0,3,2
In the First Circle,In the First Circle,3,0,3,2
Alexander Solzhenytsin,Alexander Solzhenytsin,3,0,3,2
Mark Riebling,Mark Riebling,3,0,3,2
National Security Agency#Wiretapping programs,National Security Agency#Wiretapping programs,3,16,19,2
Omnibus Crime Control and Safe Streets Act of 1968,Omnibus Crime Control and Safe Streets Act of 1968,3,2,5,2
Reichstag Fire Decree,Reichstag Fire Decree,3,3,6,2
Trailblazer Project,Trailblazer Project,6,20,26,0
Email privacy,Email privacy,3,0,3,3
United States v. Graham,United States v. Graham,2,0,2,3
Online participation,Online participation,4,0,4,3
Search engine optimization,Search engine optimization,3,0,3,3
Signalling theory,Signalling theory,2,0,2,3
Social media optimization,Social media optimization,2,0,2,3
Social network service,Social network service,5,0,5,0
Digital addict,Digital addict,2,0,2,4
Chaos theory,Chaos theory,2,0,2,6
Banned in Boston,Banned in Boston,2,0,2,6
Blowback (intelligence),Blowback (intelligence),2,0,2,6
CTB v News Group Newspapers,CTB v News Group Newspapers,3,0,3,6
DeCSS,DeCSS,2,0,2,6
Massachusetts Bay Transportation Authority v. Anderson,Massachusetts Bay Transportation Authority v. Anderson,2,0,2,6
Strategic lawsuit against public participation,Strategic lawsuit against public participation,3,0,3,6
Superinjunction,Superinjunction,2,0,2,6
J. Random Hacker,J. Random Hacker,2,0,2,6
Deep Throat (Watergate),Deep Throat (Watergate),2,0,2,10
New World Order (conspiracy theory),New World Order (conspiracy theory),2,0,2,3
Defamation,Defamation,2,0,2,3
Forensic profiling,Forensic profiling,3,0,3,3
Digital traces,Digital traces,2,0,2,3
Identity (social science),Identity (social science),3,0,3,3
Stereotype,Stereotype,2,0,2,3
Quis custodiet ipsos custodes?,Quis custodiet ipsos custodes?,2,0,2,0
Cheque fraud,Cheque fraud,2,0,2,9
Offline reader,Offline reader,2,0,2,4
Open access (publishing),Open access (publishing),2,0,2,11
Reputation,Reputation,3,0,3,3
Ambient awareness,Ambient awareness,2,0,2,7
Blog,Blog,3,0,3,5
Democratic Journalism,Democratic Journalism,2,0,2,5
Journalism,Journalism,2,0,2,10
Open publishing,Open publishing,2,0,2,5
Peer review,Peer review,2,0,2,5
Citizen media,Citizen media,3,0,3,0
Public-access television,Public-access television,2,0,2,5
Cryptome,Cryptome,2,0,2,12
WikiLeaks,WikiLeaks,2,0,2,6
Civil disobedience,Civil disobedience,2,0,2,6
Cyberwarfare,Cyberwarfare,5,0,5,9
Honker Union,Honker Union,2,0,2,6
Operation Anti-Security,Operation Anti-Security,2,0,2,6
File sharing,File sharing,6,0,6,6
Threshold pledge system,Threshold pledge system,2,0,2,6
Natural law,Natural law,2,0,2,6
Stigmergy,Stigmergy,4,0,4,6
Direct action,Direct action,2,0,2,6
Hacker (term),Hacker (term),2,0,2,6
Keeping up with the Joneses,Keeping up with the Joneses,2,0,2,6
Insurrectionary anarchism,Insurrectionary anarchism,4,0,4,6
Panopticism,Panopticism,3,0,3,6
Job satisfaction,Job satisfaction,2,0,2,9
Retina-X Studios,Retina-X Studios,2,0,2,1
Trojan horse (computing),Trojan horse (computing),2,0,2,9
Titan Rain,Titan Rain,3,0,3,0
Crimeware,Crimeware,3,0,3,9
Network security policy,Network security policy,2,0,2,9
Advance fee fraud,Advance fee fraud,3,0,3,9
Federal Bureau of Investigation,Federal Bureau of Investigation,2,0,2,9
United States Secret Service,United States Secret Service,4,0,4,9
White-collar crime,White-collar crime,3,0,3,9
Immigration and Customs Enforcement,Immigration and Customs Enforcement,2,0,2,9
Internet fraud,Internet fraud,3,0,3,9
Predictive analytics,Predictive analytics,3,0,3,9
Credit card,Credit card,2,0,2,9
Deception,Deception,3,0,3,9
Antivirus software,Antivirus software,3,0,3,9
Metasploit Project,Metasploit Project,4,0,4,9
Hole punching,Hole punching,2,0,2,8
SMiShing,SMiShing,2,0,2,9
Brandjacking,Brandjacking,2,0,2,9
Confidence trick,Confidence trick,4,0,4,9
Hacker (computer security),Hacker (computer security),6,0,6,9
AS5678,AS5678,2,0,2,9
Balise,Balise,2,0,2,9
Bin bug,Bin bug,2,0,2,9
Chipless RFID,Chipless RFID,2,0,2,9
Internet of Things,Internet of Things,2,0,2,9
Near Field Communication,Near Field Communication,2,0,2,9
optical RFID,optical RFID,2,0,2,9
Proximity card,Proximity card,5,0,5,9
Resonant inductive coupling,Resonant inductive coupling,2,0,2,9
RFID on metal,RFID on metal,2,0,2,9
RSA blocker tag,RSA blocker tag,2,0,2,9
Smart label,Smart label,2,0,2,9
Speedpass,Speedpass,2,0,2,9
RFID in schools,RFID in schools,3,0,3,9
Data analysis,Data analysis,3,0,3,0
Firewall (networking),Firewall (networking),3,0,3,8
Internet and Technology Law Desk Reference,Internet and Technology Law Desk Reference,2,0,2,7
Free content,Free content,5,0,5,1
Software as a service,Software as a service,2,0,2,0
Media manipulation,Media manipulation,4,0,4,10
GnuPG,GnuPG,2,0,2,10
OpenPGP,OpenPGP,4,0,4,10
Disk encryption software,Disk encryption software,3,0,3,2
Linux,Linux,2,0,2,11
United States v. Boucher,United States v. Boucher,2,0,2,2
Email encryption,Email encryption,4,0,4,10
Privacy in file sharing networks,Privacy in file sharing networks,3,0,3,6
Trade group efforts against file sharing,Trade group efforts against file sharing,5,0,5,6
Graduated response,Graduated response,4,0,4,1
Torrent poisoning,Torrent poisoning,2,0,2,6
Missionary Church of Kopimism,Missionary Church of Kopimism,2,0,2,6
Software copyright,Software copyright,2,0,2,6
Copyright infringement of software,Copyright infringement of software,2,0,2,6
REST,REST,2,0,2,10
Sessionization,Sessionization,2,0,2,10
Session fixation,Session fixation,2,0,2,10
Session poisoning,Session poisoning,2,0,2,10
Web storage,Web storage,2,0,2,10
Indexed Database API,Indexed Database API,2,0,2,10
Web SQL Database,Web SQL Database,2,0,2,10
Google Gears,Google Gears,2,0,2,10
Web analytics,Web analytics,2,0,2,10
Alternative DNS root,Alternative DNS root,2,0,2,1
American Civil Liberties Union,American Civil Liberties Union,2,0,2,3
Civil and political rights,Civil and political rights,2,0,2,3
Human rights,Human rights,3,0,3,3
Security token,Security token,5,0,5,3
Comparison of Usenet newsreaders,Comparison of Usenet newsreaders,3,0,3,10
Comparison of email clients,Comparison of email clients,2,0,2,10
Comparison of feed aggregators,Comparison of feed aggregators,2,0,2,10
Defence Science and Technology Organisation,Defence Science and Technology Organisation,3,0,3,3
Internet censorship in Australia,Internet censorship in Australia,3,0,3,3
Accessibility,Accessibility,2,0,2,1
Collaborative software,Collaborative software,3,0,3,0
Direct democracy,Direct democracy,5,0,5,12
Intranet,Intranet,2,0,2,0
Security,Security,5,0,5,2
Deliberative democracy,Deliberative democracy,2,0,2,0
Public sphere,Public sphere,2,0,2,0
i-name,i-name,2,0,2,3
Windows CardSpace,Windows CardSpace,5,0,5,3
Criticism of intellectual property,Criticism of intellectual property,2,0,2,1
Local currency,Local currency,2,0,2,12
Ripple monetary system,Ripple monetary system,3,0,3,3
Tax resistance,Tax resistance,2,0,2,12
Ven (currency),Ven (currency),2,0,2,3
Cryptocurrency,Cryptocurrency,4,0,4,10
Silver exchange-traded product,Silver exchange-traded product,2,0,2,12
Vaulted gold,Vaulted gold,2,0,2,12
Business intelligence,Business intelligence,6,0,6,0
Competitive intelligence,Competitive intelligence,2,0,2,9
Economic Espionage Act of 1996,Economic Espionage Act of 1996,3,0,3,10
Internet Security,Internet Security,2,0,2,8
Role-based access control,Role-based access control,2,0,2,8
Holism,Holism,2,0,2,4
Sustainability,Sustainability,2,0,2,4
Artificial general intelligence,Artificial general intelligence,2,0,2,12
Technological determinism,Technological determinism,2,0,2,12
Technophobia,Technophobia,3,0,3,12
Bioethics,Bioethics,2,0,2,1
Deep ecology,Deep ecology,2,0,2,12
Location-based service,Location-based service,4,0,4,0
Social network analysis,Social network analysis,2,0,2,0
Estate (law),Estate (law),2,0,2,7
Disk encryption theory,Disk encryption theory,2,0,2,2
Key (cryptography),Key (cryptography),2,0,2,10
Key encapsulation,Key encapsulation,2,0,2,10
Keystore,Keystore,2,0,2,7
Censorship,Censorship,8,0,8,1
Data remanence,Data remanence,4,0,4,2
"DataMotion, Inc.","DataMotion, Inc.",2,0,2,10
Echoworx,Echoworx,2,0,2,10
Entrust,Entrust,2,0,2,10
Galaxkey,Galaxkey,2,0,2,10
HTTP Secure,HTTP Secure,2,0,2,10
Hushmail,Hushmail,2,0,2,10
Lavabit,Lavabit,2,0,2,10
Mail1Click,Mail1Click,2,0,2,10
MyKolab,MyKolab,3,0,3,10
Secure Messaging,Secure Messaging,4,0,4,10
Dark Mail Alliance,Dark Mail Alliance,4,0,4,10
Lightweight Directory Access Protocol,Lightweight Directory Access Protocol,3,0,3,3
Certificate server,Certificate server,2,0,2,10
Trusted timestamping,Trusted timestamping,3,0,3,10
Heartbleed,Heartbleed,3,0,3,10
Stability Pact for South Eastern Europe,Stability Pact for South Eastern Europe,3,0,3,7
Broadband Internet access,Broadband Internet access,2,0,2,4
AAA protocol,AAA protocol,2,0,2,10
Mesh networking,Mesh networking,2,0,2,11
Wireless LAN,Wireless LAN,2,0,2,11
Internet forum,Internet forum,3,0,3,0
Metasploit,Metasploit,2,0,2,12
Autonomism,Autonomism,3,0,3,12
Green anarchism,Green anarchism,3,0,3,12
Private currency,Private currency,2,0,2,7
Cultural conservatism,Cultural conservatism,2,0,2,12
Libertarian conservatism,Libertarian conservatism,2,0,2,12
Paleoconservatism,Paleoconservatism,2,0,2,12
Fusionism,Fusionism,2,0,2,12
Classical liberalism,Classical liberalism,4,0,4,12
Libertarian perspectives on natural resources,Libertarian perspectives on natural resources,2,0,2,12
Minarchism,Minarchism,3,0,3,12
Australian law,Australian law,3,0,3,0
Australian Law Reform Commission,Australian Law Reform Commission,2,0,2,0
Personalization,Personalization,2,0,2,3
World Wide Web Consortium,World Wide Web Consortium,2,0,2,3
Computer virus,Computer virus,3,0,3,2
Katz v. United States,Katz v. United States,2,0,2,0
Unicode and email,Unicode and email,2,0,2,10
Webmail,Webmail,2,0,2,10
Comparison of webmail providers,Comparison of webmail providers,2,0,2,10
Carnivore (software),Carnivore (software),4,0,4,0
Cabinet noir,Cabinet noir,3,0,3,0
Main Core,Main Core,3,0,3,0
Identity Selector,Identity Selector,2,0,2,3
Information Card Foundation,Information Card Foundation,2,0,2,3
Higgins project,Higgins project,3,0,3,3
Bandit project,Bandit project,2,0,2,3
Secure multiparty computation,Secure multiparty computation,2,0,2,3
SAML 1.1,SAML 1.1,2,0,2,3
Access control,Access control,10,0,10,3
WS-Federation,WS-Federation,2,0,2,3
OASIS (organization),OASIS (organization),2,0,2,3
XRDS,XRDS,2,0,2,3
Liberty Alliance,Liberty Alliance,2,0,2,3
Bearer instrument,Bearer instrument,2,0,2,12
Anarcho-syndicalist symbolism,Anarcho-syndicalist symbolism,2,0,2,12
Political economy,Political economy,3,0,3,7
Socialist economics,Socialist economics,2,0,2,12
Civil rights,Civil rights,2,0,2,0
Non-aggression principle,Non-aggression principle,2,0,2,12
Free trade,Free trade,2,0,2,1
Criticisms of anarchism,Criticisms of anarchism,2,0,2,12
Criticism of capitalism,Criticism of capitalism,2,0,2,12
Panarchism,Panarchism,4,0,4,12
Rule of law,Rule of law,5,0,5,0
Open business,Open business,2,0,2,0
Open government,Open government,5,0,5,1
The Transparent Society,The Transparent Society,3,0,3,1
Open content,Open content,3,0,3,11
Open educational resources,Open educational resources,2,0,2,1
Open source,Open source,2,0,2,1
Private bank,Private bank,2,0,2,10
Collaborative finance,Collaborative finance,2,0,2,12
Diamonds as an investment,Diamonds as an investment,2,0,2,12
Palladium as an investment,Palladium as an investment,2,0,2,12
Platinum as an investment,Platinum as an investment,2,0,2,12
Anarcha-feminism,Anarcha-feminism,3,0,3,12
Communalism (political philosophy),Communalism (political philosophy),3,0,3,12
Libertarian municipalism,Libertarian municipalism,2,0,2,12
Land value tax,Land value tax,2,0,2,12
Lockean proviso,Lockean proviso,2,0,2,12
Participism,Participism,2,0,2,12
Queer anarchism,Queer anarchism,2,0,2,12
Social contract,Social contract,2,0,2,12
Social ecology,Social ecology,2,0,2,12
Millenarianism,Millenarianism,2,0,2,12
Postmillennialism,Postmillennialism,2,0,2,12
Development criticism,Development criticism,2,0,2,12
Artificial scarcity,Artificial scarcity,2,0,2,1
Uploaded astronauts,Uploaded astronauts,2,0,2,12
Decentralized computing,Decentralized computing,3,0,3,6
Segmented downloading,Segmented downloading,2,0,2,6
Semantic P2P networks,Semantic P2P networks,2,0,2,6
Sharing economy,Sharing economy,2,0,2,6
Wireless ad hoc network,Wireless ad hoc network,3,0,3,6
USB dead drop,USB dead drop,3,0,3,6
google.com,google.com,2,0,2,6
Byzantine fault tolerance,Byzantine fault tolerance,2,0,2,3
Digital watermarking,Digital watermarking,2,0,2,1
Floating licensing,Floating licensing,3,0,3,1
License manager,License manager,3,0,3,1
Tamper resistance,Tamper resistance,3,0,3,3
Computer forensics,Computer forensics,2,0,2,2
Error detection and correction,Error detection and correction,2,0,2,2
Central Authentication Service,Central Authentication Service,2,0,2,3
"African, Caribbean and Pacific Group of States","African, Caribbean and Pacific Group of States",2,0,2,7
Economic Partnership Agreements,Economic Partnership Agreements,2,0,2,7
British national identity card,British national identity card,3,0,3,3
Biometric passport,Biometric passport,4,0,4,3
Free Software Foundation anti-Windows campaigns,Free Software Foundation anti-Windows campaigns,2,0,2,7
Internet in China,Internet in China,4,0,4,1
Network society,Network society,2,0,2,0
Global digital divide,Global digital divide,3,0,3,1
International Telecommunication Union,International Telecommunication Union,2,0,2,4
ICT for Development,ICT for Development,2,0,2,4
History of the Internet,History of the Internet,4,0,4,0
Virtual reality,Virtual reality,2,0,2,10
Virtual world,Virtual world,2,0,2,0
Wireless Public Key Infrastructure,Wireless Public Key Infrastructure,2,0,2,3
Bluetooth,Bluetooth,2,0,2,11
DASH7,DASH7,2,0,2,11
INSTEON,INSTEON,2,0,2,11
Comparison of wireless data standards,Comparison of wireless data standards,2,0,2,11
Android (operating system),Android (operating system),2,0,2,11
Broadcast communication network,Broadcast communication network,2,0,2,11
Computer network diagram,Computer network diagram,2,0,2,11
Internet topology,Internet topology,2,0,2,11
Network simulator,Network simulator,2,0,2,11
Relay network,Relay network,2,0,2,11
Rhizome (philosophy),Rhizome (philosophy),2,0,2,11
Scale-free network,Scale-free network,2,0,2,11
Shared mesh,Shared mesh,3,0,3,11
Switched communication network,Switched communication network,2,0,2,11
Switched mesh,Switched mesh,3,0,3,11
Tree structure,Tree structure,2,0,2,11
LGBT in the Middle East,LGBT in the Middle East,2,0,2,4
Repurposing,Repurposing,2,0,2,3
Free software movement,Free software movement,2,0,2,0
H.O.P.E.,H.O.P.E.,2,0,2,12
Community informatics,Community informatics,2,0,2,1
Psychological warfare,Psychological warfare,2,0,2,1
Virtual volunteering,Virtual volunteering,2,0,2,1
Operation Payback,Operation Payback,3,0,3,1
Network neutrality,Network neutrality,3,0,3,1
Scientology and the Internet,Scientology and the Internet,2,0,2,12
Scientology and the legal system,Scientology and the legal system,2,0,2,1
Scientology controversies,Scientology controversies,2,0,2,1
Creative Commons,Creative Commons,3,0,3,1
Economic liberalism,Economic liberalism,2,0,2,12
Constitutionalism,Constitutionalism,2,0,2,0
Internet Censorship,Internet Censorship,2,0,2,1
Rule of Law in Armed Conflicts Project (RULAC),Rule of Law in Armed Conflicts Project (RULAC),2,0,2,0
International Criminal Court,International Criminal Court,3,0,3,0
International Covenant on Civil and Political Rights,International Covenant on Civil and Political Rights,2,0,2,0
The Yogyakarta Principles,The Yogyakarta Principles,2,0,2,0
Web application framework,Web application framework,2,0,2,2
XACML,XACML,3,0,3,3
Defensive programming,Defensive programming,2,0,2,2
Information Systems Security Engineering,Information Systems Security Engineering,2,0,2,2
Trusted system,Trusted system,3,0,3,2
Asset (computing),Asset (computing),3,0,3,2
Factor Analysis of Information Risk,Factor Analysis of Information Risk,2,0,2,2
ISO/IEC 27001,ISO/IEC 27001,4,0,4,2
ISO 9001,ISO 9001,2,0,2,2
Risk,Risk,3,0,3,2
Risk IT,Risk IT,2,0,2,2
Information Security,Information Security,3,0,3,2
Physical Security,Physical Security,3,0,3,2
Vulnerability management,Vulnerability management,2,0,2,2
Policeware,Policeware,2,0,2,0
SIGINT,SIGINT,3,0,3,0
Backdoor (computing),Backdoor (computing),3,0,3,0
MiniPanzer and MegaPanzer,MiniPanzer and MegaPanzer,3,0,3,0
R2D2 (trojan),R2D2 (trojan),2,0,2,0
Precrime,Precrime,2,0,2,0
Phone hacking,Phone hacking,2,0,2,3
Closed-circuit television camera,Closed-circuit television camera,2,0,2,0
Classified information in the United States,Classified information in the United States,3,0,3,0
New York Times Co. v. United States,New York Times Co. v. United States,3,0,3,12
First Amendment to the United States Constitution,First Amendment to the United States Constitution,2,0,2,0
Watergate,Watergate,2,0,2,2
Special Activities Division,Special Activities Division,2,0,2,6
Electronic money,Electronic money,3,0,3,3
Access badge,Access badge,3,0,3,3
Common Access Card,Common Access Card,2,0,2,3
ID Card,ID Card,2,0,2,3
Magnetic stripe card,Magnetic stripe card,2,0,2,3
Swipe card,Swipe card,2,0,2,3
Mobile phone tracking,Mobile phone tracking,3,0,3,3
Password-authenticated key agreement,Password-authenticated key agreement,2,0,2,10
3-D Secure,3-D Secure,2,0,2,3
Real-time locating,Real-time locating,2,0,2,3
IP blocking,IP blocking,2,0,2,1
Causality,Causality,2,0,2,6
Complex system,Complex system,2,0,2,6
Constructal law,Constructal law,2,0,2,6
Information theory,Information theory,2,0,2,6
Honor killing#South Asia,Honor killing#South Asia,2,0,2,4
Namus,Namus,3,0,3,4
Economic imperialism (economics),Economic imperialism (economics),2,0,2,4
Social network,Social network,7,0,7,0
Metcalfe's law,Metcalfe's law,2,0,2,0
social capital,social capital,2,0,2,4
Gift economy,Gift economy,4,0,4,11
Reputation system,Reputation system,2,0,2,4
Comparison of web server software,Comparison of web server software,2,0,2,1
Charisma,Charisma,3,0,3,6
Collective consciousness,Collective consciousness,3,0,3,6
The Wisdom of Crowds,The Wisdom of Crowds,3,0,3,0
Group behaviour,Group behaviour,2,0,2,6
Internet censorship in the People's Republic of China,Internet censorship in the People's Republic of China,6,0,6,1
Opposition to pornography,Opposition to pornography,3,0,3,1
Copyright law of New Zealand,Copyright law of New Zealand,2,0,2,1
Open Knowledge Foundation,Open Knowledge Foundation,2,0,2,1
Policy,Policy,2,0,2,7
Official statistics,Official statistics,2,0,2,7
Political corruption,Political corruption,3,0,3,1
Political power,Political power,2,0,2,7
MUSCULAR,MUSCULAR,3,0,3,0
UKUSA Agreement,UKUSA Agreement,6,0,6,0
Authenticity (philosophy),Authenticity (philosophy),2,0,2,10
Host Identity Protocol,Host Identity Protocol,2,0,2,3
Facial recognition system,Facial recognition system,3,0,3,3
Self (philosophy),Self (philosophy),3,0,3,4
Mindstream,Mindstream,2,0,2,4
Meme,Meme,2,0,2,4
Erik Erikson,Erik Erikson,2,0,2,4
Otium,Otium,3,0,3,4
ITU-T,ITU-T,2,0,2,3
Internet Protocol Detail Record,Internet Protocol Detail Record,2,0,2,0
DataPortability,DataPortability,3,0,3,3
Active packaging,Active packaging,2,0,2,3
Package pilferage,Package pilferage,2,0,2,3
Astroturfing,Astroturfing,2,0,2,10
Capital (economics),Capital (economics),2,0,2,4
Situated learning,Situated learning,2,0,2,4
Warrior code,Warrior code,2,0,2,4
Right to silence,Right to silence,2,0,2,10
Psychological manipulation,Psychological manipulation,3,0,3,4
Crocodile tears,Crocodile tears,2,0,2,4
Emotional labor,Emotional labor,2,0,2,4
Femme fatale,Femme fatale,2,0,2,4
Flattery,Flattery,2,0,2,4
Idealization and devaluation,Idealization and devaluation,3,0,3,4
Love bombing,Love bombing,2,0,2,4
Psychopathy,Psychopathy,2,0,2,4
Superficiality,Superficiality,2,0,2,4
Role engulfment,Role engulfment,2,0,2,0
Coping (psychology),Coping (psychology),2,0,2,4
Five Nations Passport Group,Five Nations Passport Group,2,0,2,1
Freedom of speech,Freedom of speech,6,0,6,1
Freedom of the press,Freedom of the press,6,0,6,1
Internet censorship by country,Internet censorship by country,5,0,5,1
Global Multistakeholder Meeting on the Future of Internet Governance,Global Multistakeholder Meeting on the Future of Internet Governance,3,0,3,1
Right to privacy in New Zealand,Right to privacy in New Zealand,2,0,2,1
Accountability,Accountability,3,0,3,12
Lobbying,Lobbying,3,0,3,1
Market transparency,Market transparency,2,0,2,1
Open science,Open science,2,0,2,1
Public record,Public record,2,0,2,1
Transparency law,Transparency law,2,0,2,1
Whistleblower,Whistleblower,2,0,2,1
Whitewash (censorship),Whitewash (censorship),2,0,2,1
Good Copy Bad Copy,Good Copy Bad Copy,2,0,2,1
Online Copyright Infringement Liability Limitation Act,Online Copyright Infringement Liability Limitation Act,2,0,2,1
Trans-Pacific Partnership Intellectual Property Provisions,Trans-Pacific Partnership Intellectual Property Provisions,7,0,7,1
Protecting Children from Internet Pornographers Act of 2011,Protecting Children from Internet Pornographers Act of 2011,3,0,3,1
Global internet usage,Global internet usage,2,0,2,1
Open access,Open access,2,0,2,1
Copyright aspects of downloading and streaming,Copyright aspects of downloading and streaming,2,0,2,1
Ley Sinde,Ley Sinde,2,0,2,1
Telecoms Package,Telecoms Package,2,0,2,1
Sociology of Internet,Sociology of Internet,2,0,2,1
Adultism,Adultism,3,0,3,1
David Burt (filtering advocate),David Burt (filtering advocate),3,0,3,1
Internet slang,Internet slang,2,0,2,1
Anthropology of cyberspace,Anthropology of cyberspace,2,0,2,1
Technology diffusion,Technology diffusion,3,0,3,1
Chilling Effects,Chilling Effects,2,0,2,12
Sporgery,Sporgery,4,0,4,9
Combating Online Infringement and Counterfeits Act,Combating Online Infringement and Counterfeits Act,3,0,3,1
Copyright,Copyright,5,0,5,1
Copyright infringement,Copyright infringement,3,0,3,1
Counterfeit,Counterfeit,3,0,3,1
Generic drug,Generic drug,2,0,2,1
Protect IP Act,Protect IP Act,4,0,4,1
Transatlantic Trade and Investment Partnership,Transatlantic Trade and Investment Partnership,3,0,3,1
Sarbanes‚àö¬¢‚Äö√á¬®‚Äö√Ñ√∫Oxley Act,Sarbanes‚àö¬¢‚Äö√á¬®‚Äö√Ñ√∫Oxley Act,2,0,2,9
Cyberheist,Cyberheist,2,0,2,9
INTERPOL,INTERPOL,2,0,2,9
Domain Name System,Domain Name System,2,0,2,9
Address munging,Address munging,2,0,2,9
Anti-spam techniques,Anti-spam techniques,3,0,3,9
Bacn,Bacn,2,0,2,9
E-mail fraud,E-mail fraud,2,0,2,9
Image spam,Image spam,2,0,2,9
Internet Troll,Internet Troll,2,0,2,9
Job scams,Job scams,2,0,2,9
Advertising mail,Advertising mail,2,0,2,9
Junk Mail Publishing,Junk Mail Publishing,2,0,2,9
Network Abuse Clearinghouse,Network Abuse Clearinghouse,2,0,2,9
Scad (scam ad),Scad (scam ad),2,0,2,9
Social networking spam,Social networking spam,2,0,2,9
Social spam,Social spam,2,0,2,9
SORBS,SORBS,2,0,2,9
Spam (food),Spam (food),2,0,2,9
Spam Lit,Spam Lit,2,0,2,9
SpamCop,SpamCop,2,0,2,9
Spamhaus,Spamhaus,2,0,2,9
Spamigation,Spamigation,2,0,2,9
VoIP spam,VoIP spam,2,0,2,9
Spoetry,Spoetry,2,0,2,9
Suppression list,Suppression list,2,0,2,9
Virus (computer),Virus (computer),2,0,2,9
Vishing,Vishing,3,0,3,9
Howard Carmack,Howard Carmack,2,0,2,9
Make money fast,Make money fast,2,0,2,9
Sanford Wallace,Sanford Wallace,2,0,2,9
Usenet Death Penalty,Usenet Death Penalty,3,0,3,9
UUnet,UUnet,2,0,2,9
Distributed data store,Distributed data store,2,0,2,12
Chinese intelligence activity in other countries,Chinese intelligence activity in other countries,2,0,2,0
Perry Fellwock,Perry Fellwock,5,0,5,0
RAF Intelligence,RAF Intelligence,6,0,6,0
NSA electronic surveillance program,NSA electronic surveillance program,3,0,3,0
Project Shamrock,Project Shamrock,3,0,3,0
FinFisher,FinFisher,2,0,2,0
Cellphone surveillance,Cellphone surveillance,2,0,2,0
Agent provocateur,Agent provocateur,2,0,2,0
Web 2.0,Web 2.0,4,0,4,0
Virtual directory,Virtual directory,2,0,2,3
Secure channel,Secure channel,2,0,2,10
Information security management,Information security management,2,0,2,3
Security clearance#Canada,Security clearance#Canada,2,0,2,3
Teletraffic engineering,Teletraffic engineering,2,0,2,0
Identity document,Identity document,3,0,3,0
National DNA database,National DNA database,2,0,2,0
Hacktivismo,Hacktivismo,2,0,2,1
Directive 95/46/EC on the protection of personal data,Directive 95/46/EC on the protection of personal data,2,0,2,3
Master data management,Master data management,2,0,2,0
COBIT,COBIT,2,0,2,3
Operational risk management,Operational risk management,2,0,2,2
Information technology controls,Information technology controls,2,0,2,0
Universal Data Element Framework,Universal Data Element Framework,2,0,2,0
ABCA Armies,ABCA Armies,2,0,2,0
Air and Space Interoperability Council,Air and Space Interoperability Council,2,0,2,0
Combined Communications Electronics Board,Combined Communications Electronics Board,2,0,2,0
The Technical Cooperation Program,The Technical Cooperation Program,2,0,2,0
World Wide Web,World Wide Web,3,0,3,10
pseudonymity,pseudonymity,2,0,2,10
Bullrun (decryption program),Bullrun (decryption program),4,0,4,10
Anatta,Anatta,2,0,2,4
Ego death,Ego death,2,0,2,4
Humility,Humility,2,0,2,4
Ego (spirituality),Ego (spirituality),2,0,2,4
Crime prevention through environmental design,Crime prevention through environmental design,2,0,2,2
Foucauldian discourse analysis,Foucauldian discourse analysis,2,0,2,0
Terrorism,Terrorism,2,0,2,0
United States v. Davis (2014),United States v. Davis (2014),2,0,2,0
Digital Collaboration,Digital Collaboration,2,0,2,0
Dispersed knowledge,Dispersed knowledge,3,0,3,0
Mass communication,Mass communication,3,0,3,0
Think tanks,Think tanks,2,0,2,0
Social networking service,Social networking service,3,0,3,0
User-generated content,User-generated content,2,0,2,0
Social media and television,Social media and television,2,0,2,0
International Identity Federation,International Identity Federation,3,0,3,3
Self-concept,Self-concept,2,0,2,0
Self-schema,Self-schema,2,0,2,0
Organizational learning,Organizational learning,2,0,2,0
Market research,Market research,2,0,2,0
Qualitative research,Qualitative research,2,0,2,0
Secure cryptoprocessor,Secure cryptoprocessor,2,0,2,2
Reverse engineering,Reverse engineering,2,0,2,3
Collaborative e-democracy,Collaborative e-democracy,7,0,7,12
Enterprise architecture,Enterprise architecture,2,0,2,3
IT Baseline Protection Catalogs,IT Baseline Protection Catalogs,2,0,2,3
Lean Government,Lean Government,2,0,2,4
Accreditation,Accreditation,2,0,2,3
Usability testing,Usability testing,2,0,2,3
Free software,Free software,3,0,3,1
Object relations theory,Object relations theory,2,0,2,4
Afterwardsness,Afterwardsness,2,0,2,4
Collective memory,Collective memory,2,0,2,0
Christian existentialism,Christian existentialism,2,0,2,4
Self (sociology),Self (sociology),2,0,2,4
Structure and agency,Structure and agency,2,0,2,4
Philosophy of mind,Philosophy of mind,4,0,4,4
Scientism,Scientism,2,0,2,4
Human-based computation,Human-based computation,2,0,2,0
Netnography,Netnography,2,0,2,3
Knowledge ecosystem,Knowledge ecosystem,2,0,2,0
Knowledge transfer,Knowledge transfer,2,0,2,0
Bookmark manager,Bookmark manager,2,0,2,0
Semantic Web,Semantic Web,3,0,3,0
Medical ethics,Medical ethics,2,0,2,1
International Organization for Standardization,International Organization for Standardization,2,0,2,2
Rationality and power,Rationality and power,2,0,2,12
Tax choice,Tax choice,3,0,3,4
Prisoner's dilemma,Prisoner's dilemma,2,0,2,4
Participative decision-making,Participative decision-making,2,0,2,4
International humanitarian law,International humanitarian law,3,0,3,0
ISO/IEC 27000-series,ISO/IEC 27000-series,2,0,2,2
social entrepreneurship,social entrepreneurship,2,0,2,4
Subpoena duces tecum,Subpoena duces tecum,2,0,2,10
Espionage,Espionage,3,0,3,10
Espionage Act of 1917,Espionage Act of 1917,2,0,2,10
Freedom of information legislation,Freedom of information legislation,3,0,3,10
State Secrets Privilege,State Secrets Privilege,2,0,2,10
Data integrity,Data integrity,2,0,2,10
Trust law,Trust law,2,0,2,10
Cryptanalysis,Cryptanalysis,2,0,2,10
Obfuscated TCP,Obfuscated TCP,3,0,3,10
Email spoofing,Email spoofing,3,0,3,10
"An Act to amend the Copyright Act (39th Canadian Parliament, 2nd Session)","An Act to amend the Copyright Act (39th Canadian Parliament, 2nd Session)",2,0,2,6
Split tunneling,Split tunneling,2,0,2,12
Mediated VPN,Mediated VPN,2,0,2,12
VPNBook,VPNBook,2,0,2,12
UT-VPN,UT-VPN,2,0,2,12
Tinc (protocol),Tinc (protocol),2,0,2,12
DMVPN,DMVPN,2,0,2,12
Virtual Private LAN Service,Virtual Private LAN Service,2,0,2,12
Ethernet Virtual Private LAN,Ethernet Virtual Private LAN,2,0,2,12
Metro Ethernet Forum,Metro Ethernet Forum,2,0,2,12
MPLS,MPLS,2,0,2,12
Full disclosure (computer security),Full disclosure (computer security),2,0,2,2
w3af,w3af,2,0,2,2
Open-source hardware,Open-source hardware,2,0,2,11
Computer security policy,Computer security policy,2,0,2,2
Computer telephony integration,Computer telephony integration,2,0,2,2
Common carrier,Common carrier,2,0,2,2
H.323,H.323,2,0,2,2
Media Gateway Control Protocol,Media Gateway Control Protocol,2,0,2,2
Smartphone,Smartphone,2,0,2,2
Smartbook,Smartbook,2,0,2,2
FAPSI,FAPSI,2,0,2,2
BackTrack,BackTrack,2,0,2,2
Kali Linux,Kali Linux,2,0,2,2
Physical security,Physical security,2,0,2,0
History of the telephone,History of the telephone,2,0,2,2
Mobile phone,Mobile phone,2,0,2,2
Bell Telephone Company,Bell Telephone Company,2,0,2,0
Bell Telephone Memorial,Bell Telephone Memorial,2,0,2,2
Competitive local exchange carrier,Competitive local exchange carrier,2,0,2,0
Incumbent local exchange carrier,Incumbent local exchange carrier,2,0,2,0
Free Software Foundation Europe,Free Software Foundation Europe,3,0,3,1
Vendor lock-in,Vendor lock-in,2,0,2,11
Internet freedom,Internet freedom,3,0,3,1
GCHQ,GCHQ,2,0,2,2
"Signals intelligence by alliances, nations and industries","Signals intelligence by alliances, nations and industries",6,0,6,0
Censorship of Wikipedia#China,Censorship of Wikipedia#China,3,0,3,1
Censorship in China,Censorship in China,3,0,3,1
Green Dam Youth Escort,Green Dam Youth Escort,3,0,3,1
Human rights in China,Human rights in China,3,0,3,1
Media of China,Media of China,3,0,3,1
Politics of China,Politics of China,3,0,3,1
Cypher,Cypher,3,0,3,1
Central Intelligence Agency Directorate of Science & Technology,Central Intelligence Agency Directorate of Science & Technology,5,0,5,0
Geospatial intelligence,Geospatial intelligence,5,0,5,0
Human intelligence (espionage),Human intelligence (espionage),5,0,5,0
Imagery intelligence,Imagery intelligence,5,0,5,0
Intelligence Branch (Canadian Forces),Intelligence Branch (Canadian Forces),5,0,5,0
Open-source intelligence,Open-source intelligence,5,0,5,0
Radio Reconnaissance Platoon,Radio Reconnaissance Platoon,5,0,5,0
Signals intelligence operational platforms by nation,Signals intelligence operational platforms by nation,5,0,5,0
Network science,Network science,2,0,2,0
Social networking,Social networking,2,0,2,0
Data integration,Data integration,3,0,3,0
Decision support system,Decision support system,3,0,3,0
ADVISE,ADVISE,3,0,3,0
Boundless informant,Boundless informant,2,0,2,0
Frenchelon,Frenchelon,2,0,2,0
Onyx (interception system),Onyx (interception system),2,0,2,0
Red Hook (FBI),Red Hook (FBI),3,0,3,0
ThinThread,ThinThread,3,0,3,0
Turbulence (NSA),Turbulence (NSA),2,0,2,0
Online presence management,Online presence management,2,0,2,0
Ad filtering,Ad filtering,3,0,3,1
Laird v. Tatum,Laird v. Tatum,2,0,2,0
Deep content inspection,Deep content inspection,3,0,3,1
Emergent democracy,Emergent democracy,2,0,2,12
political party,political party,3,0,3,1
Canada,Canada,2,0,2,1
Open politics,Open politics,2,0,2,12
Parliamentary informatics,Parliamentary informatics,2,0,2,12
Radical transparency,Radical transparency,6,0,6,12
Second Superpower,Second Superpower,2,0,2,12
Smart mob,Smart mob,3,0,3,12
Spatial Citizenship,Spatial Citizenship,3,0,3,12
Collaborative innovation network,Collaborative innovation network,4,0,4,12
Direct Democracy,Direct Democracy,3,0,3,12
Sociocracy,Sociocracy,5,0,5,12
E-government,E-government,3,0,3,12
Electronic Voting,Electronic Voting,3,0,3,12
Emerging Virtual Institutions,Emerging Virtual Institutions,3,0,3,12
Government 2.0,Government 2.0,3,0,3,12
Netroots,Netroots,3,0,3,12
Open Content,Open Content,3,0,3,12
Open government data,Open government data,3,0,3,12
Open Government Initiative,Open Government Initiative,3,0,3,12
Open Voting Consortium,Open Voting Consortium,3,0,3,12
Polycentric law,Polycentric law,3,0,3,12
Simultaneous policy,Simultaneous policy,3,0,3,12
Us Now,Us Now,3,0,3,12
Smari McCarthy,Smari McCarthy,3,0,3,12
Citizens Foundation,Citizens Foundation,3,0,3,12
Comparison of open source and closed source,Comparison of open source and closed source,2,0,2,11
Free Culture movement,Free Culture movement,3,0,3,1
Freedom of the Press Foundation,Freedom of the Press Foundation,3,0,3,1
Entropy and life,Entropy and life,2,0,2,7
Calculation in kind,Calculation in kind,2,0,2,12
Payment Card Industry Data Security Standard,Payment Card Industry Data Security Standard,2,0,2,2
Aperture (computer memory),Aperture (computer memory),2,0,2,13
Dynamic random-access memory,Dynamic random-access memory,2,0,2,13
CAS latency,CAS latency,2,0,2,13
Mass storage,Mass storage,2,0,2,13
Memory management,Memory management,2,0,2,13
Dynamic memory allocation,Dynamic memory allocation,2,0,2,13
Memory leak,Memory leak,2,0,2,13
Virtual memory,Virtual memory,2,0,2,13
Memory protection,Memory protection,2,0,2,13
Page address register,Page address register,2,0,2,13
Static random-access memory,Static random-access memory,2,0,2,13
Stable storage,Stable storage,2,0,2,13
Data deduplication,Data deduplication,2,0,2,13
Data proliferation,Data proliferation,2,0,2,13
Data storage tag,Data storage tag,2,0,2,13
File system,File system,2,0,2,13
Flash memory,Flash memory,2,0,2,13
Information repository,Information repository,2,0,2,13
Removable media,Removable media,2,0,2,13
Solid-state drive,Solid-state drive,2,0,2,13
Hard disk drive#Spindle,Hard disk drive#Spindle,2,0,2,13
Virtual tape library,Virtual tape library,2,0,2,13
Wait state,Wait state,2,0,2,13
Write buffer,Write buffer,2,0,2,13
Write protection,Write protection,2,0,2,13
Noise-Predictive Maximum-Likelihood (NPML) Detection,Noise-Predictive Maximum-Likelihood (NPML) Detection,2,0,2,13
Storage Networking World,Storage Networking World,2,0,2,13
Storage World Conference,Storage World Conference,2,0,2,13
Entropy (information theory),Entropy (information theory),2,0,2,1
United Nations,United Nations,2,0,2,1
Universal Declaration of Human Rights,Universal Declaration of Human Rights,2,0,2,1
World Intellectual Property Organization,World Intellectual Property Organization,3,0,3,1
World Intellectual Wealth Organisation,World Intellectual Wealth Organisation,2,0,2,4
Collaborative intelligence,Collaborative intelligence,3,0,3,0
Open design,Open design,2,0,2,11
Open innovation,Open innovation,3,0,3,11
Open standard,Open standard,2,0,2,11
Availability,Availability,3,0,3,2
human rights,human rights,2,0,2,4
OSI model,OSI model,2,0,2,3
Workers' council,Workers' council,2,0,2,12
ISO 31000,ISO 31000,2,0,2,2
Optimism bias,Optimism bias,2,0,2,2
Reference class forecasting,Reference class forecasting,2,0,2,2
Risk management tools,Risk management tools,2,0,2,2
RiskAoA,RiskAoA,2,0,2,2
BS 7799,BS 7799,2,0,2,2
FISMA,FISMA,2,0,2,2
NIST,NIST,2,0,2,2
Standard of Good Practice,Standard of Good Practice,2,0,2,2
TRAC (ISMS),TRAC (ISMS),2,0,2,2
Mantrap (access control),Mantrap (access control),2,0,2,2
Prior restraint,Prior restraint,2,0,2,10
Propaganda,Propaganda,2,0,2,10
Social commerce,Social commerce,2,0,2,3
Aadhaar,Aadhaar,2,0,2,3
AssureSign,AssureSign,2,0,2,3
Automated fingerprint identification,Automated fingerprint identification,2,0,2,3
BioAPI,BioAPI,2,0,2,3
Biometric identification,Biometric identification,2,0,2,3
Biometrics in schools,Biometrics in schools,2,0,2,3
BioSlimDisk,BioSlimDisk,2,0,2,3
European Association for Biometrics,European Association for Biometrics,2,0,2,3
Fingerprint recognition,Fingerprint recognition,2,0,2,3
Fuzzy extractor,Fuzzy extractor,2,0,2,3
Gait analysis,Gait analysis,2,0,2,3
Hand geometry,Hand geometry,2,0,2,3
Handwritten biometric recognition,Handwritten biometric recognition,2,0,2,3
Iris recognition,Iris recognition,2,0,2,3
Keystroke dynamics,Keystroke dynamics,2,0,2,3
Private biometrics,Private biometrics,2,0,2,3
Retinal scan,Retinal scan,2,0,2,3
Signature recognition,Signature recognition,2,0,2,3
Speaker recognition,Speaker recognition,2,0,2,3
Vein matching,Vein matching,2,0,2,3
Voice analysis,Voice analysis,2,0,2,3
Smart city,Smart city,2,0,2,3
Comparison of content-control software and providers,Comparison of content-control software and providers,2,0,2,1
Russian State Duma Bill 89417-6,Russian State Duma Bill 89417-6,3,0,3,1
Wordfilter,Wordfilter,2,0,2,1
World Trade Organization,World Trade Organization,2,0,2,1
Agreement on Trade-Related Aspects of Intellectual Property Rights,Agreement on Trade-Related Aspects of Intellectual Property Rights,2,0,2,1
Chilling effect (term),Chilling effect (term),3,0,3,1
Committee to Protect Journalists,Committee to Protect Journalists,2,0,2,1
Concerns and controversies over the 2008 Summer Olympics,Concerns and controversies over the 2008 Summer Olympics,2,0,2,1
Lorenzo Natali Journalism Prize,Lorenzo Natali Journalism Prize,2,0,2,1
Organization for Security and Co-operation in Europe statistics,Organization for Security and Co-operation in Europe statistics,2,0,2,1
Damaged good,Damaged good,2,0,2,1
Data room,Data room,2,0,2,1
Digital asset management,Digital asset management,2,0,2,1
ODRL,ODRL,2,0,2,1
Product activation,Product activation,2,0,2,1
Smart cow problem,Smart cow problem,2,0,2,1
Software metering,Software metering,2,0,2,1
Software protection dongle,Software protection dongle,2,0,2,1
Trusted Computing,Trusted Computing,2,0,2,1
Voluntary Collective Licensing,Voluntary Collective Licensing,2,0,2,1
XrML,XrML,2,0,2,1
"DVD Copy Control Association, Inc. v. Bunner","DVD Copy Control Association, Inc. v. Bunner",2,0,2,1
"DVD Copy Control Association, Inc. v. Kaleidescape, Inc.","DVD Copy Control Association, Inc. v. Kaleidescape, Inc.",2,0,2,1
RealDVD,RealDVD,2,0,2,1
Universal v. Reimerdes,Universal v. Reimerdes,3,0,3,1
DigitalEurope,DigitalEurope,2,0,2,1
Motion Picture Association of America,Motion Picture Association of America,2,0,2,1
Recording Industry Association of America,Recording Industry Association of America,2,0,2,1
Sweden,Sweden,2,0,2,1
free knowledge,free knowledge,2,0,2,1
Secure Digital Music Initiative,Secure Digital Music Initiative,2,0,2,1
Trans-Pacific Strategic Economic Partnership,Trans-Pacific Strategic Economic Partnership,3,0,3,1
European Round Table of Industrialists,European Round Table of Industrialists,2,0,2,1
Copyright Term Extension Act,Copyright Term Extension Act,3,0,3,1
Digital Economy Act 2010,Digital Economy Act 2010,2,0,2,1
Bill S.978,Bill S.978,2,0,2,1
Copyright bills in the 2011-2012 United States Congress,Copyright bills in the 2011-2012 United States Congress,2,0,2,1
Cyber Intelligence Sharing and Protection Act,Cyber Intelligence Sharing and Protection Act,2,0,2,1
Barry Boehm,Barry Boehm,2,0,2,0
Vint Cerf,Vint Cerf,2,0,2,0
Douglas Engelbart,Douglas Engelbart,2,0,2,0
Robert Fano,Robert Fano,2,0,2,0
Anup K. Ghosh,Anup K. Ghosh,2,0,2,0
James Hendler,James Hendler,2,0,2,0
Bob Kahn,Bob Kahn,2,0,2,0
JCR Licklider,JCR Licklider,2,0,2,0
John Poindexter,John Poindexter,2,0,2,0
Lawrence Roberts (scientist),Lawrence Roberts (scientist),2,0,2,0
Robert Sproull,Robert Sproull,2,0,2,0
Ivan Sutherland,Ivan Sutherland,2,0,2,0
Robert Taylor (computer scientist),Robert Taylor (computer scientist),2,0,2,0
Gio Wiederhold,Gio Wiederhold,2,0,2,0
ARPA-E,ARPA-E,2,0,2,0
United States Department of Energy,United States Department of Energy,2,0,2,0
HSARPA,HSARPA,2,0,2,0
Department of Homeland Security,Department of Homeland Security,2,0,2,0
Intelligence Advanced Research Projects Activity,Intelligence Advanced Research Projects Activity,2,0,2,0
Director of National Intelligence,Director of National Intelligence,2,0,2,0
Russian Foundation for Advanced Research Projects in the Defense Industry,Russian Foundation for Advanced Research Projects in the Defense Industry,2,0,2,0
Defence Science and Technology Laboratory,Defence Science and Technology Laboratory,2,0,2,0
Defence Research and Development Organisation,Defence Research and Development Organisation,2,0,2,0
Defence Research and Development Canada,Defence Research and Development Canada,2,0,2,0
Tekes (agency),Tekes (agency),2,0,2,0
Defence Science and Technology Organization,Defence Science and Technology Organization,2,0,2,0
ITIL,ITIL,2,0,2,3
Anomaly detection,Anomaly detection,2,0,2,0
Association rule learning,Association rule learning,2,0,2,0
Statistical classification,Statistical classification,2,0,2,0
Cluster analysis,Cluster analysis,2,0,2,0
Decision tree,Decision tree,2,0,2,0
Factor analysis,Factor analysis,2,0,2,0
Genetic algorithms,Genetic algorithms,2,0,2,0
Intention mining,Intention mining,2,0,2,0
Multilinear subspace learning,Multilinear subspace learning,2,0,2,0
Artificial neural network,Artificial neural network,2,0,2,0
Regression analysis,Regression analysis,2,0,2,0
Sequence mining,Sequence mining,2,0,2,0
Structured data analysis (statistics),Structured data analysis (statistics),2,0,2,0
Support vector machines,Support vector machines,2,0,2,0
Text mining,Text mining,2,0,2,0
Analytics,Analytics,2,0,2,0
Bioinformatics,Bioinformatics,2,0,2,0
Drug discovery,Drug discovery,2,0,2,0
Exploratory data analysis,Exploratory data analysis,2,0,2,0
Web mining,Web mining,2,0,2,0
Customer analytics#Data mining,Customer analytics#Data mining,2,0,2,0
Data mining in agriculture,Data mining in agriculture,2,0,2,0
Data mining in meteorology,Data mining in meteorology,2,0,2,0
Educational data mining,Educational data mining,2,0,2,0
National Security Agency#Transaction data mining,National Security Agency#Transaction data mining,2,0,2,0
Police-enforced ANPR in the UK#Data mining,Police-enforced ANPR in the UK#Data mining,2,0,2,0
Surveillance#Data mining and profiling,Surveillance#Data mining and profiling,2,0,2,0
Mass surveillance#Data mining,Mass surveillance#Data mining,2,0,2,0
Data transformation,Data transformation,2,0,2,0
Information extraction,Information extraction,2,0,2,0
Information integration,Information integration,2,0,2,0
Named-entity recognition,Named-entity recognition,2,0,2,0
Web scraping,Web scraping,2,0,2,0
Active measures,Active measures,2,0,2,0
Information sensitivity,Information sensitivity,2,0,2,0
Physical Security Information Management,Physical Security Information Management,2,0,2,3
Knowledge tagging,Knowledge tagging,2,0,2,0
Crowdsourcing,Crowdsourcing,2,0,2,0
Cybernetics,Cybernetics,2,0,2,1
ISO/IEC 27002,ISO/IEC 27002,2,0,2,3
Information overload,Information overload,2,0,2,1
Explanatory gap,Explanatory gap,2,0,2,4
Hard problem of consciousness,Hard problem of consciousness,2,0,2,4
Ideasthesia,Ideasthesia,2,0,2,4
Philosophical zombie,Philosophical zombie,2,0,2,4
Problem of other minds,Problem of other minds,2,0,2,4
Sentience,Sentience,2,0,2,4
Datagram Transport Layer Security,Datagram Transport Layer Security,2,0,2,10
Extended Validation Certificate,Extended Validation Certificate,2,0,2,10
Key ring file,Key ring file,2,0,2,10
Multiplexed Transport Layer Security,Multiplexed Transport Layer Security,2,0,2,10
Application-Layer Protocol Negotiation,Application-Layer Protocol Negotiation,2,0,2,10
RdRand,RdRand,2,0,2,10
Server gated cryptography,Server gated cryptography,2,0,2,10
SSL acceleration,SSL acceleration,2,0,2,10
Transport Layer Security Channel ID,Transport Layer Security Channel ID,2,0,2,10
Wireless Transport Layer Security,Wireless Transport Layer Security,2,0,2,10
3GPP,3GPP,2,0,2,2
4G,4G,2,0,2,2
3GPP Long Term Evolution,3GPP Long Term Evolution,2,0,2,2
Barkas (van manufacturer),Barkas (van manufacturer),2,0,2,2
Advanced persistent threat,Advanced persistent threat,2,0,2,9
Rule According to Higher Law,Rule According to Higher Law,6,10,16,0
RetroShare,RetroShare,6,9,15,10
DCSNet,DCSNet,4,0,4,0
Communications Assistance for Law Enforcement Act,Communications Assistance for Law Enforcement Act,12,15,27,0
Open source governance,Open source governance,8,23,31,12
"I2P#I2P-Bote ","I2P#I2P-Bote ",2,9,11,7
