Source;Target;Weight
209.86.226.61;Channel 13;53
209.86.226.61;Upper Sandusky, Ohio;1
68.4.44.212;Psychedelia;344
99.54.48.115;Channel 13;1
99.54.48.115;Upper Sandusky, Ohio;1
Aoidh;Gautama Buddha;262
Aoidh;Hacker (programmer subculture);1
Checkingfax;Alfred Hitchcock;680
Checkingfax;Astrid Lindgren;45
Checkingfax;Beniamino Bufano;225
Checkingfax;Big Brother 10 (U.S.);264
Checkingfax;Big Brother 11 (U.S.);672
Checkingfax;Big Brother 12 (U.S.);680
Checkingfax;Big Brother 13 (U.S.);1
Checkingfax;Big Brother 14 (U.S.);1
Checkingfax;Big Brother 15 (U.S.);4
Checkingfax;Big Brother 2 (U.S.);2
Checkingfax;Big Brother 3 (U.S.);54
Checkingfax;Big Brother 4 (U.S.);27
Checkingfax;Big Brother 6 (U.S.);31
Checkingfax;Big Brother 7 (U.S.);423
Checkingfax;Big Brother 8 (U.S.);347
Checkingfax;Big Brother 9 (U.S.);12
Checkingfax;Bitcoin;45
Checkingfax;Chess.com;45
Checkingfax;Cryptocurrency;241
Checkingfax;Diverticulosis;71
Checkingfax;Expert system;11
Checkingfax;Eye surgery;47
Checkingfax;Fred Phelps;45
Checkingfax;Groucho Marx;45
Checkingfax;Harold Camping;45
Checkingfax;Ian Fleming;49
Checkingfax;Meme;4643
Checkingfax;Nelson Mandela;87
Checkingfax;Sheep Marketplace;126
Checkingfax;WikiLeaks;168
Checkingfax;Zapatista Army of National Liberation;152
Dauntur;List of Tor hidden services;1
Dauntur;Silk Road (marketplace);1
Dauntur;The Hidden Wiki;7
Jrtayloriv;Abraham Lincoln;283
Jrtayloriv;Afghan War documents leak;54
Jrtayloriv;Ahimsa;1367
Jrtayloriv;Apple Inc.;100
Jrtayloriv;Autism;60
Jrtayloriv;Biochar;136
Jrtayloriv;Bioethics;140
Jrtayloriv;Climate change denial;809
Jrtayloriv;Continuous function;929
Jrtayloriv;Criticism of Apple Inc.;405
Jrtayloriv;Cucuteni-Trypillian culture;46
Jrtayloriv;Curry�Howard correspondence;1
Jrtayloriv;Dan Mitrione;94
Jrtayloriv;Gautama Buddha;630
Jrtayloriv;Gaza flotilla raid;14
Jrtayloriv;Great Firewall of China;26
Jrtayloriv;Intelligent design;10
Jrtayloriv;List of common misconceptions;12
Jrtayloriv;List of plants used in herbalism;13
Jrtayloriv;Mass media;214
Jrtayloriv;Nazi human experimentation;1146
Jrtayloriv;Psychedelia;2
Jrtayloriv;Salon (website);16
Jrtayloriv;Sensationalism;12
Jrtayloriv;Surveillance;18
Jrtayloriv;Ted Kaczynski;27
Jrtayloriv;Teratology;1
Jrtayloriv;Type system;12
Jrtayloriv;Urtica dioica;2551
Jrtayloriv;WikiLeaks;3036
Jrtayloriv;William Connolley;138
Jrtayloriv;William F. Buckley, Jr.;529
Jrtayloriv;Zapatista Army of National Liberation;1
Kenfc0618;2011 T?hoku earthquake and tsunami;8
Kenfc0618;2011 Tucson shooting;174
Kenfc0618;2012 Summer Olympics;78
Kenfc0618;2012 Summer Olympics opening ceremony;34
Kenfc0618;Anita Sarkeesian;32
Kenfc0618;Anonymous (group);36
Kenfc0618;Autism;696
Kenfc0618;Beniamino Bufano;62
Kenfc0618;Bitcoin;12
Kenfc0618;Community radio;145
Kenfc0618;Cryptocurrency;18
Kenfc0618;Gamergate controversy;31
Kenfc0618;Groucho Marx;107
Kenfc0618;Houla massacre;91
Kenfc0618;List of common misconceptions;12
Kenfc0618;Papal conclave, 2013;210
Kenfc0618;Protests against SOPA and PIPA;6
Kenfc0618;Silk Road (marketplace);1
Kenfc0618;The Hidden Wiki;1
Kenfc0618;Twitter;140
Kenfc0618;Vatican leaks scandal;25
Paganinip;Cyberwarfare;22
Paganinip;Hacker (computer security);1
Paganinip;Silk Road (marketplace);205
Paganinip;Surveillance;896
Phil Boswell;1918 flu pandemic;1294
Phil Boswell;Abraham Lincoln;207
Phil Boswell;Alfred Hitchcock;6929
Phil Boswell;Ancient Greece;1114
Phil Boswell;Anita Sarkeesian;4
Phil Boswell;Autism;364
Phil Boswell;Big Brother 10 (U.S.);1
Phil Boswell;Big Brother 11 (U.S.);172
Phil Boswell;Big Brother 12 (U.S.);4
Phil Boswell;Big Brother 13 (U.S.);11
Phil Boswell;Big Brother 14 (U.S.);1
Phil Boswell;Big Brother 15 (U.S.);62
Phil Boswell;Big Brother 2 (U.S.);185
Phil Boswell;Big Brother 3 (U.S.);4
Phil Boswell;Big Brother 4 (U.S.);304
Phil Boswell;Big Brother 6 (U.S.);1022
Phil Boswell;Big Brother 7 (U.S.);2
Phil Boswell;Big Brother 8 (U.S.);67
Phil Boswell;Big Brother 9 (U.S.);42
Phil Boswell;Continuous function;158
Phil Boswell;Cucuteni-Trypillian culture;111
Phil Boswell;Cuisine of New England;37
Phil Boswell;Curry�Howard correspondence;192
Phil Boswell;Diederik Stapel;15
Phil Boswell;Diverticulosis;42
Phil Boswell;Ecology;26
Phil Boswell;Education in the United States;3
Phil Boswell;Evolution of ageing;653
Phil Boswell;Evolutionary psychology;27
Phil Boswell;Expert system;1318
Phil Boswell;Eye surgery;67
Phil Boswell;Feral pigeon;177
Phil Boswell;Flashline Mars Arctic Research Station;6
Phil Boswell;Gamergate controversy;763
Phil Boswell;Jack Monroe;77
Phil Boswell;List of Christian denominational positions on homosexuality;1
Phil Boswell;New Atheism;66
Phil Boswell;Rosetta (spacecraft);1
Phil Boswell;Timothy Evans;38
Phil Boswell;Type system;179
Phil Boswell;William Connolley;36
Phil Boswell;William F. Buckley, Jr.;36
Phil Boswell;Wreck-It Ralph;35
Proxima Centauri;1918 flu pandemic;34
Proxima Centauri;2011 Tucson shooting;33
Proxima Centauri;2012 phenomenon;34
Proxima Centauri;Ahimsa;35
Proxima Centauri;Ahlquist v. Cranston;33
Proxima Centauri;Anonymous (group);71
Proxima Centauri;Antihydrogen;34
Proxima Centauri;April Fools' Day;34
Proxima Centauri;Atheism;39
Proxima Centauri;Beatification;33
Proxima Centauri;Caganer;38
Proxima Centauri;Criticism of religion;507
Proxima Centauri;Diederik Stapel;388
Proxima Centauri;Discrimination against atheists;20
Proxima Centauri;Education in the United States;37
Proxima Centauri;Evolution of ageing;76
Proxima Centauri;Evolutionary psychology;38
Proxima Centauri;Faster-than-light neutrino anomaly;280
Proxima Centauri;Feral pigeon;38
Proxima Centauri;Fred Phelps;35
Proxima Centauri;Garpenberg;655
Proxima Centauri;Geoffrey Robertson;279
Proxima Centauri;Hacker (computer security);678
Proxima Centauri;Harold Camping;34
Proxima Centauri;Hypothermia;231
Proxima Centauri;Internet vigilantism;28
Proxima Centauri;Jack Monroe;398
Proxima Centauri;Julian Assange;35
Proxima Centauri;Kiruna;327
Proxima Centauri;List of Christian denominational positions on homosexuality;33
Proxima Centauri;Muammar Gaddafi;34
Proxima Centauri;Nazi human experimentation;37
Proxima Centauri;Nelson Mandela;39
Proxima Centauri;New Atheism;33
Proxima Centauri;Nibiru cataclysm;38
Proxima Centauri;Papal conclave, 2013;16
Proxima Centauri;Rosetta (spacecraft);35
Proxima Centauri;Russell's teapot;35
Proxima Centauri;Script kiddie;38
Proxima Centauri;Spin (public relations);469
Proxima Centauri;The God Delusion;32
Proxima Centauri;Timothy Evans;35
Proxima Centauri;Twitter;446
Proxima Centauri;Urtica dioica;73
Proxima Centauri;Vatican leaks scandal;485
Proxima Centauri;Young Earth creationism;451
PShermz;Hacker (programmer subculture);1
Rhododendrites;Adrian Lamo;10
Rhododendrites;Ahlquist v. Cranston;1
Rhododendrites;Alexei Navalny;17
Rhododendrites;Ancient Greece;2
Rhododendrites;Anonymous (group);4
Rhododendrites;Apple Inc.;15
Rhododendrites;Atheism;1
Rhododendrites;Beatification;21
Rhododendrites;Bioethics;1
Rhododendrites;Caganer;1
Rhododendrites;Chess.com;3
Rhododendrites;Climate change denial;12
Rhododendrites;Community radio;115
Rhododendrites;Criticism of Apple Inc.;2
Rhododendrites;Criticism of religion;310
Rhododendrites;Cuisine of New England;1636
Rhododendrites;Cyberwarfare;31
Rhododendrites;Discrimination against atheists;170
Rhododendrites;Hacker (computer security);499
Rhododendrites;Intelligent design;103
Rhododendrites;Internet vigilantism;63
Rhododendrites;Klondike Gold Rush;110
Rhododendrites;List of Tor hidden services;167
Rhododendrites;Mass media;1165
Rhododendrites;Meme;47
Rhododendrites;Russell's teapot;1
Rhododendrites;Salon (website);103
Rhododendrites;Script kiddie;62
Rhododendrites;Sensationalism;176
Rhododendrites;Sheep Marketplace;212
Rhododendrites;Silk Road (marketplace);28
Rhododendrites;Spin (public relations);58
Rhododendrites;Spying on United Nations leaders by United States diplomats;58
Rhododendrites;Ted Kaczynski;189
Rhododendrites;Teratology;58
Rhododendrites;The God Delusion;57
Rhododendrites;The Hidden Wiki;85
Rhododendrites;WikiLeaks;61
Rhododendrites;Wikipedia;221
Rhododendrites;Young Earth creationism;26
Skizzik;2011 T?hoku earthquake and tsunami;165
Skizzik;2012 phenomenon;51
Skizzik;2012 Summer Olympics;708
Skizzik;2012 Summer Olympics opening ceremony;449
Skizzik;Adrian Lamo;94
Skizzik;Afghan War documents leak;290
Skizzik;Alexei Navalny;1707
Skizzik;Antihydrogen;57
Skizzik;April Fools' Day;21
Skizzik;Astrid Lindgren;47
Skizzik;Biochar;233
Skizzik;Dan Mitrione;28
Skizzik;Ecology;332
Skizzik;Faster-than-light neutrino anomaly;226
Skizzik;Flashline Mars Arctic Research Station;67
Skizzik;Garpenberg;1
Skizzik;Gaza flotilla raid;24
Skizzik;Geoffrey Robertson;67
Skizzik;Great Firewall of China;925
Skizzik;Houla massacre;303
Skizzik;Hypothermia;13
Skizzik;Ian Fleming;1060
Skizzik;Julian Assange;22
Skizzik;Kiruna;720
Skizzik;Klondike Gold Rush;44
Skizzik;List of plants used in herbalism;32
Skizzik;Muammar Gaddafi;58
Skizzik;Nibiru cataclysm;205
Skizzik;Protests against SOPA and PIPA;3
Skizzik;Spying on United Nations leaders by United States diplomats;12
Skizzik;Vatican leaks scandal;32
Skizzik;WikiLeaks;328
Skizzik;Wikipedia;18
Skizzik;World Tomorrow;4
Skizzik;Wreck-It Ralph;3093
Snurre86;World Tomorrow;235
Wibble666;The Hidden Wiki;8
