Id;Label;Origin;Edit;Numer_of_Edits
1918 flu pandemic;1918 flu pandemic;(page edited);1328;2
2011 T?hoku earthquake and tsunami;2011 T?hoku earthquake and tsunami;(page edited);173;2
2011 Tucson shooting;2011 Tucson shooting;(page edited);810;2
2012 phenomenon;2012 phenomenon;(page edited);85;2
2012 Summer Olympics;2012 Summer Olympics;(page edited);786;2
2012 Summer Olympics opening ceremony;2012 Summer Olympics opening ceremony;(page edited);483;2
Abraham Lincoln;Abraham Lincoln;(page edited);490;2
Adrian Lamo;Adrian Lamo;(page edited);104;2
Afghan War documents leak;Afghan War documents leak;(page edited);344;2
Ahimsa;Ahimsa;(page edited);1402;2
Ahlquist v. Cranston;Ahlquist v. Cranston;(page edited);34;2
Alexei Navalny;Alexei Navalny;(page edited);1724;2
Alfred Hitchcock;Alfred Hitchcock;(page edited);7609;2
Ancient Greece;Ancient Greece;(page edited);1116;2
Anita Sarkeesian;Anita Sarkeesian;(page edited);36;2
Anonymous (group);Anonymous (group);(page edited);111;3
Antihydrogen;Antihydrogen;(page edited);91;2
Apple Inc.;Apple Inc.;(page edited);115;2
April Fools' Day;April Fools' Day;(page edited);55;2
Astrid Lindgren;Astrid Lindgren;(page edited);92;2
Atheism;Atheism;(page edited);40;2
Autism;Autism;(page edited);1120;3
Beatification;Beatification;(page edited);54;2
Beniamino Bufano;Beniamino Bufano;(page edited);287;2
Big Brother 10 (U.S.);Big Brother 10 (U.S.);(page edited);265;2
Big Brother 11 (U.S.);Big Brother 11 (U.S.);(page edited);844;2
Big Brother 12 (U.S.);Big Brother 12 (U.S.);(page edited);684;2
Big Brother 13 (U.S.);Big Brother 13 (U.S.);(page edited);12;2
Big Brother 14 (U.S.);Big Brother 14 (U.S.);(page edited);2;2
Big Brother 15 (U.S.);Big Brother 15 (U.S.);(page edited);66;2
Big Brother 2 (U.S.);Big Brother 2 (U.S.);(page edited);187;2
Big Brother 3 (U.S.);Big Brother 3 (U.S.);(page edited);58;2
Big Brother 4 (U.S.);Big Brother 4 (U.S.);(page edited);331;2
Big Brother 6 (U.S.);Big Brother 6 (U.S.);(page edited);1053;2
Big Brother 7 (U.S.);Big Brother 7 (U.S.);(page edited);425;2
Big Brother 8 (U.S.);Big Brother 8 (U.S.);(page edited);414;2
Big Brother 9 (U.S.);Big Brother 9 (U.S.);(page edited);54;2
Biochar;Biochar;(page edited);369;2
Bioethics;Bioethics;(page edited);141;2
Bitcoin;Bitcoin;(page edited);58;2
Caganer;Caganer;(page edited);39;2
Channel 13;Channel 13;(page edited);54;2
Chess.com;Chess.com;(page edited);48;2
Climate change denial;Climate change denial;(page edited);821;2
Community radio;Community radio;(page edited);260;2
Continuous function;Continuous function;(page edited);1087;2
Criticism of Apple Inc.;Criticism of Apple Inc.;(page edited);407;2
Criticism of religion;Criticism of religion;(page edited);817;2
Cryptocurrency;Cryptocurrency;(page edited);259;2
Cucuteni-Trypillian culture;Cucuteni-Trypillian culture;(page edited);157;2
Cuisine of New England;Cuisine of New England;(page edited);1673;2
Curry�Howard correspondence;Curry�Howard correspondence;(page edited);193;2
Cyberwarfare;Cyberwarfare;(page edited);53;2
Dan Mitrione;Dan Mitrione;(page edited);122;2
Diederik Stapel;Diederik Stapel;(page edited);403;2
Discrimination against atheists;Discrimination against atheists;(page edited);190;2
Diverticulosis;Diverticulosis;(page edited);113;2
Ecology;Ecology;(page edited);358;2
Education in the United States;Education in the United States;(page edited);40;2
Evolution of ageing;Evolution of ageing;(page edited);729;2
Evolutionary psychology;Evolutionary psychology;(page edited);65;2
Expert system;Expert system;(page edited);1329;2
Eye surgery;Eye surgery;(page edited);332;2
Faster-than-light neutrino anomaly;Faster-than-light neutrino anomaly;(page edited);506;2
Feral pigeon;Feral pigeon;(page edited);215;2
Flashline Mars Arctic Research Station;Flashline Mars Arctic Research Station;(page edited);73;2
Fred Phelps;Fred Phelps;(page edited);80;2
Gamergate controversy;Gamergate controversy;(page edited);794;2
Garpenberg;Garpenberg;(page edited);656;2
Gautama Buddha;Gautama Buddha;(page edited);892;2
Gaza flotilla raid;Gaza flotilla raid;(page edited);38;2
Geoffrey Robertson;Geoffrey Robertson;(page edited);346;2
Great Firewall of China;Great Firewall of China;(page edited);951;2
Groucho Marx;Groucho Marx;(page edited);152;2
Hacker (computer security);Hacker (computer security);(page edited);1178;3
Hacker (programmer subculture);Hacker (programmer subculture);(page edited);2;2
Harold Camping;Harold Camping;(page edited);79;2
Houla massacre;Houla massacre;(page edited);394;2
Hypothermia;Hypothermia;(page edited);244;2
Ian Fleming;Ian Fleming;(page edited);1109;2
Intelligent design;Intelligent design;(page edited);113;2
Internet vigilantism;Internet vigilantism;(page edited);91;2
Jack Monroe;Jack Monroe;(page edited);475;2
Julian Assange;Julian Assange;(page edited);57;2
Kiruna;Kiruna;(page edited);1047;2
Klondike Gold Rush;Klondike Gold Rush;(page edited);154;2
List of Christian denominational positions on homosexuality;List of Christian denominational positions on homosexuality;(page edited);34;2
List of common misconceptions;List of common misconceptions;(page edited);24;2
List of plants used in herbalism;List of plants used in herbalism;(page edited);45;2
List of Tor hidden services;List of Tor hidden services;(page edited);168;2
Mass media;Mass media;(page edited);1379;2
Meme;Meme;(page edited);4690;2
Muammar Gaddafi;Muammar Gaddafi;(page edited);92;2
Nazi human experimentation;Nazi human experimentation;(page edited);1183;2
Nelson Mandela;Nelson Mandela;(page edited);126;2
New Atheism;New Atheism;(page edited);99;2
Nibiru cataclysm;Nibiru cataclysm;(page edited);243;2
Papal conclave, 2013;Papal conclave, 2013;(page edited);226;2
Protests against SOPA and PIPA;Protests against SOPA and PIPA;(page edited);9;2
Psychedelia;Psychedelia;(page edited);346;2
Rosetta (spacecraft);Rosetta (spacecraft);(page edited);36;2
Russell's teapot;Russell's teapot;(page edited);36;2
Salon (website);Salon (website);(page edited);119;2
Script kiddie;Script kiddie;(page edited);100;2
Sensationalism;Sensationalism;(page edited);188;2
Sheep Marketplace;Sheep Marketplace;(page edited);338;2
Silk Road (marketplace);Silk Road (marketplace);(page edited);235;4
Spin (public relations);Spin (public relations);(page edited);527;2
Spying on United Nations leaders by United States diplomats;Spying on United Nations leaders by United States diplomats;(page edited);70;2
Surveillance;Surveillance;(page edited);914;2
Ted Kaczynski;Ted Kaczynski;(page edited);216;2
Teratology;Teratology;(page edited);59;2
The God Delusion;The God Delusion;(page edited);89;2
The Hidden Wiki;The Hidden Wiki;(page edited);101;4
Timothy Evans;Timothy Evans;(page edited);73;2
Twitter;Twitter;(page edited);718;2
Type system;Type system;(page edited);191;2
Upper Sandusky, Ohio;Upper Sandusky, Ohio;(page edited);2;2
Urtica dioica;Urtica dioica;(page edited);2624;2
Vatican leaks scandal;Vatican leaks scandal;(page edited);542;3
WikiLeaks;WikiLeaks;(page edited);3593;4
Wikipedia;Wikipedia;(page edited);239;2
William Connolley;William Connolley;(page edited);174;2
William F. Buckley, Jr.;William F. Buckley, Jr.;(page edited);565;2
World Tomorrow;World Tomorrow;(page edited);239;2
Wreck-It Ralph;Wreck-It Ralph;(page edited);3128;2
Young Earth creationism;Young Earth creationism;(page edited);477;2
Zapatista Army of National Liberation;Zapatista Army of National Liberation;(page edited);153;2
209.86.226.61;209.86.226.61;Deep Web;105;6
68.4.44.212;68.4.44.212;Tor (anonymity network);2563;6
99.54.48.115;99.54.48.115;Deep Web;771;6
Aoidh;Aoidh;Tor (anonymity network);22053;6
Checkingfax;Checkingfax;Tor (anonymity network);10398;6
Dauntur;Dauntur;Deep Web;6;6
Jrtayloriv;Jrtayloriv;Tor (anonymity network);36;6
Kenfc0618;Kenfc0618;Tor (anonymity network);7907;6
Paganinip;Paganinip;Deep Web;16;6
Phil Boswell;Phil Boswell;Deep Web;1199;6
Proxima Centauri;Proxima Centauri;Deep Web;11413;6
PShermz;PShermz;Deep Web;52;6
Rhododendrites;Rhododendrites;Tor (anonymity network);12274;6
Skizzik;Skizzik;Tor (anonymity network);5480;6
Snurre86;Snurre86;Tor (anonymity network);2666;6
Wibble666;Wibble666;Deep Web;15322;6
