BOTH;Crime;Censorship;Legal;From the Deep Web;Freedom;Security;Anonymity;Technology
Against;0;1;4;1;0;2;2;0
Neutral;2;2;3;12;9;8;10;12
Pro;0;1;2;2;10;12;45;146
TOTAL;2;4;9;15;19;22;57;158
;;;;;;;;
DEEP WEB;Crime;Censorship;Legal;From the Deep Web;Freedom;Security;Anonymity;Technology
Contro;0;1;3;0;0;0;2;0
Neutrale;2;1;2;8;7;5;6;8
Pro;0;1;0;5;3;5;6;21
;;;;;;;;
TOR BROWSER;Crime;Censorship;Legal;From the Deep Web;Freedom;Security;Anonymity;Technology
Contro;0;0;1;1;0;2;0;0
Neutrale;0;1;1;1;2;3;4;4
Pro;0;0;2;0;7;7;39;125
